ds,unique_id,y
2021-09-01,0901020G0AAAGAG,672691.0
2021-09-01,0601023AGAAABAB,60547.0
2021-09-01,0407010F0AAAHAH,1330371.0
2021-09-01,0302000C0BRAABY,2352.0
2021-09-01,0913011V0BCAAAC,1450000.0
2021-09-01,0105010E0AAABAB,153087.0
2021-09-01,0604011L0BHABAX,21998.0
2021-09-01,0208020AAAAACAC,46393.0
2021-09-01,0208020Z0AAAAAA,245609.0
2021-09-01,21480000101,4077.0
2021-09-01,0208020Y0AAACAC,367572.0
2021-09-01,0209000C0AAAAAA,759026.0
2021-09-01,0704010U0AAAAAA,534132.0
2021-09-01,1404000H0AAANAN,1413.0
2021-09-01,0204000H0AAAJAJ,623634.0
2021-09-01,0906040G0DGAADI,432048.0
2021-09-01,0302000AABBAAAA,3724.0
2021-09-01,0302000K0BDABAM,3445.0
2021-09-01,0208020AAAAABAB,22748.0
2021-09-01,0403010B0AAAGAG,1348154.0
2021-09-01,0601011A0BBABAB,12022.0
2021-09-01,0205051R0AAADAD,766341.0
2021-09-01,0407010H0AAAMAM,5372784.0
2021-09-01,0601023AKAAACAC,68399.0
2021-09-01,0601023ANAAAAAA,57049.0
2021-09-01,0212000B0AAABAB,1795443.0
2021-09-01,0301020Q0BBACAC,2732.0
2021-09-01,0601022B0AAABAB,2088780.0
2021-09-01,0304030C0BEABA3,1077.0
2021-09-01,0403030Q0AAABAB,602194.0
2021-09-01,0106040M0BCACAA,353278.0
2021-09-01,0301020Q0BCAAAD,106110.0
2021-09-01,0501130R0AAAGAG,85936.0
2021-09-01,0212000B0AAADAD,441528.0
2021-09-01,0109040N0BDABAQ,230282.0
2021-09-01,0302000Z0BBAAAA,1877.0
2021-09-01,0103050P0AAAAAA,3200129.0
2021-09-01,0103050L0AAABAB,537353.0
2021-09-01,0601023ANAAABAB,56049.0
2021-09-01,0103050L0AAAAAA,788537.0
2021-09-01,0103010H0AAAAAA,39489.0
2021-09-01,0601012V0BBAEAD,6753.0
2021-09-01,0601023AEAAAAAA,88319.0
2021-09-01,0205051R0AAABAB,543994.0
2021-09-01,0208020Y0AAABAB,96807.0
2021-09-01,0407010H0AABGBG,1477986.0
2021-09-01,0803042W0BBAAAA,500.0
2021-09-01,0302000K0BHAAAM,2113.0
2021-09-01,0208020Z0AAABAB,602731.0
2021-09-01,0301011R0BIAFAP,3801.0
2021-09-01,0206020A0AAABAB,724621.0
2021-09-01,0602010V0AABXBX,788227.0
2021-09-01,0601011A0BBADAC,8638.0
2021-09-01,0601023AWBBACAC,950.0
2021-09-01,0601023AQBBABAB,3074.0
2021-09-01,0212000B0AAACAC,773744.0
2021-09-01,0403030D0AAAAAA,652673.0
2021-09-01,0403030Q0AAAAAA,700748.0
2021-09-01,0301040Y0BBAAAA,59490.0
2021-09-01,0602010V0AABZBZ,935540.0
2021-09-01,0704020AEAAABAB,74941.0
2021-09-01,0302000C0BQAABX,13160.0
2021-09-01,0602010V0AABWBW,782591.0
2021-09-01,0209000A0AAABAB,1194110.0
2021-09-01,0601012S0BGAFAI,10454.0
2021-09-01,0302000C0BQABBZ,2372.0
2021-09-01,0401010ADAACZCZ,46695.0
2021-09-01,0205052AEAAACAC,8390.0
2021-09-01,0206020A0AAAAAA,1289563.0
2021-09-01,0601023X0AAAAAA,67940.0
2021-09-01,0302000C0BUAABX,0.0
2021-09-01,0302000AABBACAC,0.0
2021-09-01,1404000H0AAAFAF,0.0
2021-10-01,0901020G0AAAGAG,656375.0
2021-10-01,0601023AGAAABAB,64334.0
2021-10-01,0407010F0AAAHAH,1261172.0
2021-10-01,0302000C0BRAABY,2457.0
2021-10-01,0913011V0BCAAAC,1382375.0
2021-10-01,0105010E0AAABAB,146066.0
2021-10-01,0604011L0BHABAX,21944.0
2021-10-01,0208020AAAAACAC,45026.0
2021-10-01,0208020Z0AAAAAA,235498.0
2021-10-01,21480000101,4113.0
2021-10-01,0208020Y0AAACAC,345668.0
2021-10-01,0209000C0AAAAAA,717504.0
2021-10-01,0704010U0AAAAAA,514337.0
2021-10-01,1404000H0AAANAN,1567.0
2021-10-01,0204000H0AAAJAJ,598038.0
2021-10-01,0906040G0DGAADI,416288.0
2021-10-01,0302000AABBAAAA,3692.0
2021-10-01,0302000K0BDABAM,3380.0
2021-10-01,0208020AAAAABAB,23647.0
2021-10-01,0403010B0AAAGAG,1298069.0
2021-10-01,0601011A0BBABAB,11242.0
2021-10-01,0205051R0AAADAD,725811.0
2021-10-01,0407010H0AAAMAM,5189835.0
2021-10-01,0601023AKAAACAC,65412.0
2021-10-01,0601023ANAAAAAA,55054.0
2021-10-01,0212000B0AAABAB,1713892.0
2021-10-01,0301020Q0BBACAC,2586.0
2021-10-01,0601022B0AAABAB,2005151.0
2021-10-01,0304030C0BEABA3,933.0
2021-10-01,0403030Q0AAABAB,569587.0
2021-10-01,0106040M0BCACAA,327376.0
2021-10-01,0301020Q0BCAAAD,102930.0
2021-10-01,0501130R0AAAGAG,84656.0
2021-10-01,0212000B0AAADAD,421522.0
2021-10-01,0109040N0BDABAQ,243391.0
2021-10-01,0302000Z0BBAAAA,1894.0
2021-10-01,0103050P0AAAAAA,3085829.0
2021-10-01,0103050L0AAABAB,504037.0
2021-10-01,0601023ANAAABAB,54630.0
2021-10-01,0103050L0AAAAAA,753611.0
2021-10-01,0103010H0AAAAAA,42509.0
2021-10-01,0601012V0BBAEAD,6060.0
2021-10-01,0601023AEAAAAAA,83054.0
2021-10-01,0205051R0AAABAB,528227.0
2021-10-01,0208020Y0AAABAB,91004.0
2021-10-01,0407010H0AABGBG,1395748.0
2021-10-01,0803042W0BBAAAA,558.0
2021-10-01,0302000K0BHAAAM,2053.0
2021-10-01,0208020Z0AAABAB,579177.0
2021-10-01,0301011R0BIAFAP,4884.0
2021-10-01,0206020A0AAABAB,691717.0
2021-10-01,0602010V0AABXBX,749697.0
2021-10-01,0601011A0BBADAC,8333.0
2021-10-01,0601023AWBBACAC,951.0
2021-10-01,0601023AQBBABAB,3115.0
2021-10-01,0212000B0AAACAC,741775.0
2021-10-01,0403030D0AAAAAA,612408.0
2021-10-01,0403030Q0AAAAAA,677743.0
2021-10-01,0301040Y0BBAAAA,57380.0
2021-10-01,0602010V0AABZBZ,892216.0
2021-10-01,0704020AEAAABAB,72891.0
2021-10-01,0302000C0BQAABX,12797.0
2021-10-01,0602010V0AABWBW,746377.0
2021-10-01,0209000A0AAABAB,1140440.0
2021-10-01,0601012S0BGAFAI,9954.0
2021-10-01,0302000C0BQABBZ,2390.0
2021-10-01,0401010ADAACZCZ,46950.0
2021-10-01,0205052AEAAACAC,9613.0
2021-10-01,0206020A0AAAAAA,1236728.0
2021-10-01,0601023X0AAAAAA,66118.0
2021-10-01,0302000C0BUAABX,0.0
2021-10-01,0302000AABBACAC,2.0
2021-10-01,1404000H0AAAFAF,0.0
2021-11-01,0901020G0AAAGAG,709055.0
2021-11-01,0601023AGAAABAB,70412.0
2021-11-01,0407010F0AAAHAH,1310226.0
2021-11-01,0302000C0BRAABY,2615.0
2021-11-01,0913011V0BCAAAC,1492875.0
2021-11-01,0105010E0AAABAB,150483.0
2021-11-01,0604011L0BHABAX,25782.0
2021-11-01,0208020AAAAACAC,47581.0
2021-11-01,0208020Z0AAAAAA,255047.0
2021-11-01,21480000101,4553.0
2021-11-01,0208020Y0AAACAC,367181.0
2021-11-01,0209000C0AAAAAA,764957.0
2021-11-01,0704010U0AAAAAA,549675.0
2021-11-01,1404000H0AAANAN,505.0
2021-11-01,0204000H0AAAJAJ,637943.0
2021-11-01,0906040G0DGAADI,445279.0
2021-11-01,0302000AABBAAAA,4008.0
2021-11-01,0302000K0BDABAM,3616.0
2021-11-01,0208020AAAAABAB,24408.0
2021-11-01,0403010B0AAAGAG,1367078.0
2021-11-01,0601011A0BBABAB,11993.0
2021-11-01,0205051R0AAADAD,766044.0
2021-11-01,0407010H0AAAMAM,5437036.0
2021-11-01,0601023AKAAACAC,68695.0
2021-11-01,0601023ANAAAAAA,55876.0
2021-11-01,0212000B0AAABAB,1837933.0
2021-11-01,0301020Q0BBACAC,2596.0
2021-11-01,0601022B0AAABAB,2092262.0
2021-11-01,0304030C0BEABA3,849.0
2021-11-01,0403030Q0AAABAB,610282.0
2021-11-01,0106040M0BCACAA,332635.0
2021-11-01,0301020Q0BCAAAD,104400.0
2021-11-01,0501130R0AAAGAG,86706.0
2021-11-01,0212000B0AAADAD,450045.0
2021-11-01,0109040N0BDABAQ,247083.0
2021-11-01,0302000Z0BBAAAA,2015.0
2021-11-01,0103050P0AAAAAA,3233801.0
2021-11-01,0103050L0AAABAB,552240.0
2021-11-01,0601023ANAAABAB,58155.0
2021-11-01,0103050L0AAAAAA,805085.0
2021-11-01,0103010H0AAAAAA,46819.0
2021-11-01,0601012V0BBAEAD,6776.0
2021-11-01,0601023AEAAAAAA,90467.0
2021-11-01,0205051R0AAABAB,554609.0
2021-11-01,0208020Y0AAABAB,97710.0
2021-11-01,0407010H0AABGBG,1448848.0
2021-11-01,0803042W0BBAAAA,483.0
2021-11-01,0302000K0BHAAAM,2191.0
2021-11-01,0208020Z0AAABAB,632098.0
2021-11-01,0301011R0BIAFAP,6207.0
2021-11-01,0206020A0AAABAB,732282.0
2021-11-01,0602010V0AABXBX,788277.0
2021-11-01,0601011A0BBADAC,8688.0
2021-11-01,0601023AWBBACAC,960.0
2021-11-01,0601023AQBBABAB,3209.0
2021-11-01,0212000B0AAACAC,790987.0
2021-11-01,0403030D0AAAAAA,649186.0
2021-11-01,0403030Q0AAAAAA,714544.0
2021-11-01,0301040Y0BBAAAA,59930.0
2021-11-01,0602010V0AABZBZ,938630.0
2021-11-01,0704020AEAAABAB,77876.0
2021-11-01,0302000C0BQAABX,13441.0
2021-11-01,0602010V0AABWBW,792448.0
2021-11-01,0209000A0AAABAB,1198006.0
2021-11-01,0601012S0BGAFAI,10528.0
2021-11-01,0302000C0BQABBZ,2486.0
2021-11-01,0401010ADAACZCZ,50346.0
2021-11-01,0205052AEAAACAC,9490.0
2021-11-01,0206020A0AAAAAA,1310165.0
2021-11-01,0601023X0AAAAAA,67059.0
2021-11-01,0302000C0BUAABX,0.0
2021-11-01,0302000AABBACAC,19.0
2021-11-01,1404000H0AAAFAF,0.0
2021-12-01,0901020G0AAAGAG,726825.0
2021-12-01,0601023AGAAABAB,77847.0
2021-12-01,0407010F0AAAHAH,1383195.0
2021-12-01,0302000C0BRAABY,2689.0
2021-12-01,0913011V0BCAAAC,1521125.0
2021-12-01,0105010E0AAABAB,156109.0
2021-12-01,0604011L0BHABAX,25006.0
2021-12-01,0208020AAAAACAC,49035.0
2021-12-01,0208020Z0AAAAAA,271867.0
2021-12-01,21480000101,4881.0
2021-12-01,0208020Y0AAACAC,378678.0
2021-12-01,0209000C0AAAAAA,800333.0
2021-12-01,0704010U0AAAAAA,572320.0
2021-12-01,1404000H0AAANAN,53.0
2021-12-01,0204000H0AAAJAJ,662252.0
2021-12-01,0906040G0DGAADI,464759.0
2021-12-01,0302000AABBAAAA,4304.0
2021-12-01,0302000K0BDABAM,3820.0
2021-12-01,0208020AAAAABAB,25723.0
2021-12-01,0403010B0AAAGAG,1450940.0
2021-12-01,0601011A0BBABAB,13907.0
2021-12-01,0205051R0AAADAD,810863.0
2021-12-01,0407010H0AAAMAM,5760107.0
2021-12-01,0601023AKAAACAC,72793.0
2021-12-01,0601023ANAAAAAA,59749.0
2021-12-01,0212000B0AAABAB,1942921.0
2021-12-01,0301020Q0BBACAC,2589.0
2021-12-01,0601022B0AAABAB,2227082.0
2021-12-01,0304030C0BEABA3,784.0
2021-12-01,0403030Q0AAABAB,642475.0
2021-12-01,0106040M0BCACAA,348949.0
2021-12-01,0301020Q0BCAAAD,107310.0
2021-12-01,0501130R0AAAGAG,86130.0
2021-12-01,0212000B0AAADAD,477135.0
2021-12-01,0109040N0BDABAQ,294032.0
2021-12-01,0302000Z0BBAAAA,2126.0
2021-12-01,0103050P0AAAAAA,3406472.0
2021-12-01,0103050L0AAABAB,572465.0
2021-12-01,0601023ANAAABAB,62488.0
2021-12-01,0103050L0AAAAAA,838336.0
2021-12-01,0103010H0AAAAAA,52819.0
2021-12-01,0601012V0BBAEAD,7079.0
2021-12-01,0601023AEAAAAAA,90786.0
2021-12-01,0205051R0AAABAB,587447.0
2021-12-01,0208020Y0AAABAB,101846.0
2021-12-01,0407010H0AABGBG,1623502.0
2021-12-01,0803042W0BBAAAA,635.0
2021-12-01,0302000K0BHAAAM,2252.0
2021-12-01,0208020Z0AAABAB,665150.0
2021-12-01,0301011R0BIAFAP,8401.0
2021-12-01,0206020A0AAABAB,782573.0
2021-12-01,0602010V0AABXBX,821502.0
2021-12-01,0601011A0BBADAC,9851.0
2021-12-01,0601023AWBBACAC,1133.0
2021-12-01,0601023AQBBABAB,3622.0
2021-12-01,0212000B0AAACAC,825761.0
2021-12-01,0403030D0AAAAAA,684015.0
2021-12-01,0403030Q0AAAAAA,744172.0
2021-12-01,0301040Y0BBAAAA,65170.0
2021-12-01,0602010V0AABZBZ,987120.0
2021-12-01,0704020AEAAABAB,82869.0
2021-12-01,0302000C0BQAABX,14443.0
2021-12-01,0602010V0AABWBW,822802.0
2021-12-01,0209000A0AAABAB,1248560.0
2021-12-01,0601012S0BGAFAI,11365.0
2021-12-01,0302000C0BQABBZ,2684.0
2021-12-01,0401010ADAACZCZ,49475.0
2021-12-01,0205052AEAAACAC,10927.0
2021-12-01,0206020A0AAAAAA,1383914.0
2021-12-01,0601023X0AAAAAA,71465.0
2021-12-01,0302000C0BUAABX,0.0
2021-12-01,0302000AABBACAC,18.0
2021-12-01,1404000H0AAAFAF,0.0
2022-01-01,0901020G0AAAGAG,687584.0
2022-01-01,0601023AGAAABAB,80330.0
2022-01-01,0407010F0AAAHAH,1267961.0
2022-01-01,0302000C0BRAABY,2586.0
2022-01-01,0913011V0BCAAAC,1496750.0
2022-01-01,0105010E0AAABAB,149955.0
2022-01-01,0604011L0BHABAX,23574.0
2022-01-01,0208020AAAAACAC,46457.0
2022-01-01,0208020Z0AAAAAA,244940.0
2022-01-01,21480000101,4849.0
2022-01-01,0208020Y0AAACAC,356620.0
2022-01-01,0209000C0AAAAAA,739637.0
2022-01-01,0704010U0AAAAAA,534315.0
2022-01-01,1404000H0AAANAN,14.0
2022-01-01,0204000H0AAAJAJ,619230.0
2022-01-01,0906040G0DGAADI,432341.0
2022-01-01,0302000AABBAAAA,3962.0
2022-01-01,0302000K0BDABAM,3471.0
2022-01-01,0208020AAAAABAB,24159.0
2022-01-01,0403010B0AAAGAG,1346641.0
2022-01-01,0601011A0BBABAB,11582.0
2022-01-01,0205051R0AAADAD,745816.0
2022-01-01,0407010H0AAAMAM,5309786.0
2022-01-01,0601023AKAAACAC,66010.0
2022-01-01,0601023ANAAAAAA,57499.0
2022-01-01,0212000B0AAABAB,1818455.0
2022-01-01,0301020Q0BBACAC,2410.0
2022-01-01,0601022B0AAABAB,2029748.0
2022-01-01,0304030C0BEABA3,925.0
2022-01-01,0403030Q0AAABAB,604495.0
2022-01-01,0106040M0BCACAA,273192.0
2022-01-01,0301020Q0BCAAAD,102690.0
2022-01-01,0501130R0AAAGAG,83380.0
2022-01-01,0212000B0AAADAD,440679.0
2022-01-01,0109040N0BDABAQ,264229.0
2022-01-01,0302000Z0BBAAAA,2022.0
2022-01-01,0103050P0AAAAAA,3154903.0
2022-01-01,0103050L0AAABAB,535177.0
2022-01-01,0601023ANAAABAB,57974.0
2022-01-01,0103050L0AAAAAA,780141.0
2022-01-01,0103010H0AAAAAA,54021.0
2022-01-01,0601012V0BBAEAD,6655.0
2022-01-01,0601023AEAAAAAA,85818.0
2022-01-01,0205051R0AAABAB,545094.0
2022-01-01,0208020Y0AAABAB,92648.0
2022-01-01,0407010H0AABGBG,1407449.0
2022-01-01,0803042W0BBAAAA,623.0
2022-01-01,0302000K0BHAAAM,2161.0
2022-01-01,0208020Z0AAABAB,627004.0
2022-01-01,0301011R0BIAFAP,8574.0
2022-01-01,0206020A0AAABAB,728499.0
2022-01-01,0602010V0AABXBX,769580.0
2022-01-01,0601011A0BBADAC,8226.0
2022-01-01,0601023AWBBACAC,1059.0
2022-01-01,0601023AQBBABAB,3205.0
2022-01-01,0212000B0AAACAC,774484.0
2022-01-01,0403030D0AAAAAA,645668.0
2022-01-01,0403030Q0AAAAAA,711390.0
2022-01-01,0301040Y0BBAAAA,59090.0
2022-01-01,0602010V0AABZBZ,915244.0
2022-01-01,0704020AEAAABAB,76209.0
2022-01-01,0302000C0BQAABX,13131.0
2022-01-01,0602010V0AABWBW,763050.0
2022-01-01,0209000A0AAABAB,1153572.0
2022-01-01,0601012S0BGAFAI,9834.0
2022-01-01,0302000C0BQABBZ,2516.0
2022-01-01,0401010ADAACZCZ,52100.0
2022-01-01,0205052AEAAACAC,10556.0
2022-01-01,0206020A0AAAAAA,1288056.0
2022-01-01,0601023X0AAAAAA,65880.0
2022-01-01,0302000C0BUAABX,36.0
2022-01-01,0302000AABBACAC,17.0
2022-01-01,1404000H0AAAFAF,4.0
2022-02-01,0901020G0AAAGAG,671668.0
2022-02-01,0601023AGAAABAB,74574.0
2022-02-01,0407010F0AAAHAH,1191918.0
2022-02-01,0302000C0BRAABY,2362.0
2022-02-01,0913011V0BCAAAC,1432625.0
2022-02-01,0105010E0AAABAB,142270.0
2022-02-01,0604011L0BHABAX,22418.0
2022-02-01,0208020AAAAACAC,45491.0
2022-02-01,0208020Z0AAAAAA,230391.0
2022-02-01,21480000101,4617.0
2022-02-01,0208020Y0AAACAC,326267.0
2022-02-01,0209000C0AAAAAA,689371.0
2022-02-01,0704010U0AAAAAA,502511.0
2022-02-01,1404000H0AAANAN,0.0
2022-02-01,0204000H0AAAJAJ,581476.0
2022-02-01,0906040G0DGAADI,394251.0
2022-02-01,0302000AABBAAAA,3708.0
2022-02-01,0302000K0BDABAM,3217.0
2022-02-01,0208020AAAAABAB,22756.0
2022-02-01,0403010B0AAAGAG,1264843.0
2022-02-01,0601011A0BBABAB,11132.0
2022-02-01,0205051R0AAADAD,698488.0
2022-02-01,0407010H0AAAMAM,4865013.0
2022-02-01,0601023AKAAACAC,63826.0
2022-02-01,0601023ANAAAAAA,54699.0
2022-02-01,0212000B0AAABAB,1710269.0
2022-02-01,0301020Q0BBACAC,2333.0
2022-02-01,0601022B0AAABAB,1908492.0
2022-02-01,0304030C0BEABA3,844.0
2022-02-01,0403030Q0AAABAB,569756.0
2022-02-01,0106040M0BCACAA,274060.0
2022-02-01,0301020Q0BCAAAD,93420.0
2022-02-01,0501130R0AAAGAG,76660.0
2022-02-01,0212000B0AAADAD,418805.0
2022-02-01,0109040N0BDABAQ,229105.0
2022-02-01,0302000Z0BBAAAA,1889.0
2022-02-01,0103050P0AAAAAA,2910402.0
2022-02-01,0103050L0AAABAB,500442.0
2022-02-01,0601023ANAAABAB,57554.0
2022-02-01,0103050L0AAAAAA,733449.0
2022-02-01,0103010H0AAAAAA,53293.0
2022-02-01,0601012V0BBAEAD,5861.0
2022-02-01,0601023AEAAAAAA,80645.0
2022-02-01,0205051R0AAABAB,508315.0
2022-02-01,0208020Y0AAABAB,88927.0
2022-02-01,0407010H0AABGBG,1445460.0
2022-02-01,0803042W0BBAAAA,481.0
2022-02-01,0302000K0BHAAAM,1851.0
2022-02-01,0208020Z0AAABAB,593449.0
2022-02-01,0301011R0BIAFAP,8837.0
2022-02-01,0206020A0AAABAB,688289.0
2022-02-01,0602010V0AABXBX,704591.0
2022-02-01,0601011A0BBADAC,8088.0
2022-02-01,0601023AWBBACAC,984.0
2022-02-01,0601023AQBBABAB,3415.0
2022-02-01,0212000B0AAACAC,723623.0
2022-02-01,0403030D0AAAAAA,583724.0
2022-02-01,0403030Q0AAAAAA,661160.0
2022-02-01,0301040Y0BBAAAA,54260.0
2022-02-01,0602010V0AABZBZ,849122.0
2022-02-01,0704020AEAAABAB,72522.0
2022-02-01,0302000C0BQAABX,12136.0
2022-02-01,0602010V0AABWBW,699446.0
2022-02-01,0209000A0AAABAB,1067614.0
2022-02-01,0601012S0BGAFAI,9872.0
2022-02-01,0302000C0BQABBZ,2247.0
2022-02-01,0401010ADAACZCZ,44165.0
2022-02-01,0205052AEAAACAC,11195.0
2022-02-01,0206020A0AAAAAA,1206251.0
2022-02-01,0601023X0AAAAAA,61398.0
2022-02-01,0302000C0BUAABX,10.0
2022-02-01,0302000AABBACAC,40.0
2022-02-01,1404000H0AAAFAF,0.0
2022-03-01,0901020G0AAAGAG,763562.0
2022-03-01,0601023AGAAABAB,94366.0
2022-03-01,0407010F0AAAHAH,1351859.0
2022-03-01,0302000C0BRAABY,3034.0
2022-03-01,0913011V0BCAAAC,1681750.0
2022-03-01,0105010E0AAABAB,162078.0
2022-03-01,0604011L0BHABAX,30884.0
2022-03-01,0208020AAAAACAC,54433.0
2022-03-01,0208020Z0AAAAAA,265022.0
2022-03-01,21480000101,5508.0
2022-03-01,0208020Y0AAACAC,373774.0
2022-03-01,0209000C0AAAAAA,779197.0
2022-03-01,0704010U0AAAAAA,576798.0
2022-03-01,1404000H0AAANAN,7.0
2022-03-01,0204000H0AAAJAJ,659508.0
2022-03-01,0906040G0DGAADI,458272.0
2022-03-01,0302000AABBAAAA,4208.0
2022-03-01,0302000K0BDABAM,3597.0
2022-03-01,0208020AAAAABAB,27916.0
2022-03-01,0403010B0AAAGAG,1467445.0
2022-03-01,0601011A0BBABAB,12814.0
2022-03-01,0205051R0AAADAD,793391.0
2022-03-01,0407010H0AAAMAM,5546662.0
2022-03-01,0601023AKAAACAC,70196.0
2022-03-01,0601023ANAAAAAA,62274.0
2022-03-01,0212000B0AAABAB,1987615.0
2022-03-01,0301020Q0BBACAC,2578.0
2022-03-01,0601022B0AAABAB,2147669.0
2022-03-01,0304030C0BEABA3,1171.0
2022-03-01,0403030Q0AAABAB,639456.0
2022-03-01,0106040M0BCACAA,317727.0
2022-03-01,0301020Q0BCAAAD,105660.0
2022-03-01,0501130R0AAAGAG,83136.0
2022-03-01,0212000B0AAADAD,474515.0
2022-03-01,0109040N0BDABAQ,278635.0
2022-03-01,0302000Z0BBAAAA,2171.0
2022-03-01,0103050P0AAAAAA,3358611.0
2022-03-01,0103050L0AAABAB,581106.0
2022-03-01,0601023ANAAABAB,63277.0
2022-03-01,0103050L0AAAAAA,828260.0
2022-03-01,0103010H0AAAAAA,63351.0
2022-03-01,0601012V0BBAEAD,6712.0
2022-03-01,0601023AEAAAAAA,93088.0
2022-03-01,0205051R0AAABAB,582382.0
2022-03-01,0208020Y0AAABAB,100561.0
2022-03-01,0407010H0AABGBG,1553210.0
2022-03-01,0803042W0BBAAAA,561.0
2022-03-01,0302000K0BHAAAM,2164.0
2022-03-01,0208020Z0AAABAB,678025.0
2022-03-01,0301011R0BIAFAP,11336.0
2022-03-01,0206020A0AAABAB,785106.0
2022-03-01,0602010V0AABXBX,792771.0
2022-03-01,0601011A0BBADAC,9486.0
2022-03-01,0601023AWBBACAC,1182.0
2022-03-01,0601023AQBBABAB,4673.0
2022-03-01,0212000B0AAACAC,830012.0
2022-03-01,0403030D0AAAAAA,670941.0
2022-03-01,0403030Q0AAAAAA,754755.0
2022-03-01,0301040Y0BBAAAA,63390.0
2022-03-01,0602010V0AABZBZ,962845.0
2022-03-01,0704020AEAAABAB,83974.0
2022-03-01,0302000C0BQAABX,13867.0
2022-03-01,0602010V0AABWBW,796848.0
2022-03-01,0209000A0AAABAB,1217713.0
2022-03-01,0601012S0BGAFAI,11130.0
2022-03-01,0302000C0BQABBZ,2618.0
2022-03-01,0401010ADAACZCZ,50415.0
2022-03-01,0205052AEAAACAC,11253.0
2022-03-01,0206020A0AAAAAA,1385803.0
2022-03-01,0601023X0AAAAAA,68796.0
2022-03-01,0302000C0BUAABX,15.0
2022-03-01,0302000AABBACAC,100.0
2022-03-01,1404000H0AAAFAF,0.0
2022-04-01,0901020G0AAAGAG,691073.0
2022-04-01,0601023AGAAABAB,93066.0
2022-04-01,0407010F0AAAHAH,1273124.0
2022-04-01,0302000C0BRAABY,2835.0
2022-04-01,0913011V0BCAAAC,1679625.0
2022-04-01,0105010E0AAABAB,148346.0
2022-04-01,0604011L0BHABAX,29816.0
2022-04-01,0208020AAAAACAC,55884.0
2022-04-01,0208020Z0AAAAAA,241933.0
2022-04-01,21480000101,5509.0
2022-04-01,0208020Y0AAACAC,349996.0
2022-04-01,0209000C0AAAAAA,739826.0
2022-04-01,0704010U0AAAAAA,539562.0
2022-04-01,1404000H0AAANAN,1.0
2022-04-01,0204000H0AAAJAJ,624763.0
2022-04-01,0906040G0DGAADI,432791.0
2022-04-01,0302000AABBAAAA,4026.0
2022-04-01,0302000K0BDABAM,3490.0
2022-04-01,0208020AAAAABAB,27204.0
2022-04-01,0403010B0AAAGAG,1357584.0
2022-04-01,0601011A0BBABAB,11537.0
2022-04-01,0205051R0AAADAD,748880.0
2022-04-01,0407010H0AAAMAM,5272327.0
2022-04-01,0601023AKAAACAC,68070.0
2022-04-01,0601023ANAAAAAA,58083.0
2022-04-01,0212000B0AAABAB,1876955.0
2022-04-01,0301020Q0BBACAC,2452.0
2022-04-01,0601022B0AAABAB,2046134.0
2022-04-01,0304030C0BEABA3,997.0
2022-04-01,0403030Q0AAABAB,608420.0
2022-04-01,0106040M0BCACAA,293076.0
2022-04-01,0301020Q0BCAAAD,97620.0
2022-04-01,0501130R0AAAGAG,75465.0
2022-04-01,0212000B0AAADAD,455168.0
2022-04-01,0109040N0BDABAQ,248984.0
2022-04-01,0302000Z0BBAAAA,2074.0
2022-04-01,0103050P0AAAAAA,3128171.0
2022-04-01,0103050L0AAABAB,537460.0
2022-04-01,0601023ANAAABAB,61232.0
2022-04-01,0103050L0AAAAAA,776251.0
2022-04-01,0103010H0AAAAAA,61938.0
2022-04-01,0601012V0BBAEAD,6458.0
2022-04-01,0601023AEAAAAAA,85625.0
2022-04-01,0205051R0AAABAB,558301.0
2022-04-01,0208020Y0AAABAB,94819.0
2022-04-01,0407010H0AABGBG,1376010.0
2022-04-01,0803042W0BBAAAA,612.0
2022-04-01,0302000K0BHAAAM,2019.0
2022-04-01,0208020Z0AAABAB,642145.0
2022-04-01,0301011R0BIAFAP,12397.0
2022-04-01,0206020A0AAABAB,738749.0
2022-04-01,0602010V0AABXBX,766280.0
2022-04-01,0601011A0BBADAC,8667.0
2022-04-01,0601023AWBBACAC,1220.0
2022-04-01,0601023AQBBABAB,3943.0
2022-04-01,0212000B0AAACAC,783866.0
2022-04-01,0403030D0AAAAAA,623456.0
2022-04-01,0403030Q0AAAAAA,710810.0
2022-04-01,0301040Y0BBAAAA,56410.0
2022-04-01,0602010V0AABZBZ,916450.0
2022-04-01,0704020AEAAABAB,80154.0
2022-04-01,0302000C0BQAABX,12750.0
2022-04-01,0602010V0AABWBW,762071.0
2022-04-01,0209000A0AAABAB,1135499.0
2022-04-01,0601012S0BGAFAI,10597.0
2022-04-01,0302000C0BQABBZ,2345.0
2022-04-01,0401010ADAACZCZ,47585.0
2022-04-01,0205052AEAAACAC,12798.0
2022-04-01,0206020A0AAAAAA,1315259.0
2022-04-01,0601023X0AAAAAA,62862.0
2022-04-01,0302000C0BUAABX,60.0
2022-04-01,0302000AABBACAC,167.0
2022-04-01,1404000H0AAAFAF,0.0
2022-05-01,0901020G0AAAGAG,744570.0
2022-05-01,0601023AGAAABAB,105301.0
2022-05-01,0407010F0AAAHAH,1293357.0
2022-05-01,0302000C0BRAABY,3134.0
2022-05-01,0913011V0BCAAAC,1733250.0
2022-05-01,0105010E0AAABAB,152141.0
2022-05-01,0604011L0BHABAX,33028.0
2022-05-01,0208020AAAAACAC,62324.0
2022-05-01,0208020Z0AAAAAA,252946.0
2022-05-01,21480000101,6033.0
2022-05-01,0208020Y0AAACAC,360060.0
2022-05-01,0209000C0AAAAAA,768039.0
2022-05-01,0704010U0AAAAAA,571903.0
2022-05-01,1404000H0AAANAN,0.0
2022-05-01,0204000H0AAAJAJ,654242.0
2022-05-01,0906040G0DGAADI,451754.0
2022-05-01,0302000AABBAAAA,3991.0
2022-05-01,0302000K0BDABAM,3580.0
2022-05-01,0208020AAAAABAB,35059.0
2022-05-01,0403010B0AAAGAG,1405715.0
2022-05-01,0601011A0BBABAB,12832.0
2022-05-01,0205051R0AAADAD,779221.0
2022-05-01,0407010H0AAAMAM,5420292.0
2022-05-01,0601023AKAAACAC,69649.0
2022-05-01,0601023ANAAAAAA,61562.0
2022-05-01,0212000B0AAABAB,1984038.0
2022-05-01,0301020Q0BBACAC,2578.0
2022-05-01,0601022B0AAABAB,2111513.0
2022-05-01,0304030C0BEABA3,1034.0
2022-05-01,0403030Q0AAABAB,630657.0
2022-05-01,0106040M0BCACAA,316624.0
2022-05-01,0301020Q0BCAAAD,98340.0
2022-05-01,0501130R0AAAGAG,80908.0
2022-05-01,0212000B0AAADAD,471778.0
2022-05-01,0109040N0BDABAQ,274024.0
2022-05-01,0302000Z0BBAAAA,2185.0
2022-05-01,0103050P0AAAAAA,3276835.0
2022-05-01,0103050L0AAABAB,555643.0
2022-05-01,0601023ANAAABAB,64964.0
2022-05-01,0103050L0AAAAAA,826495.0
2022-05-01,0103010H0AAAAAA,65395.0
2022-05-01,0601012V0BBAEAD,6436.0
2022-05-01,0601023AEAAAAAA,90189.0
2022-05-01,0205051R0AAABAB,576292.0
2022-05-01,0208020Y0AAABAB,98570.0
2022-05-01,0407010H0AABGBG,1545859.0
2022-05-01,0803042W0BBAAAA,550.0
2022-05-01,0302000K0BHAAAM,2133.0
2022-05-01,0208020Z0AAABAB,675738.0
2022-05-01,0301011R0BIAFAP,13978.0
2022-05-01,0206020A0AAABAB,782102.0
2022-05-01,0602010V0AABXBX,785094.0
2022-05-01,0601011A0BBADAC,9356.0
2022-05-01,0601023AWBBACAC,1243.0
2022-05-01,0601023AQBBABAB,3974.0
2022-05-01,0212000B0AAACAC,815278.0
2022-05-01,0403030D0AAAAAA,654444.0
2022-05-01,0403030Q0AAAAAA,734941.0
2022-05-01,0301040Y0BBAAAA,61930.0
2022-05-01,0602010V0AABZBZ,963095.0
2022-05-01,0704020AEAAABAB,82003.0
2022-05-01,0302000C0BQAABX,13082.0
2022-05-01,0602010V0AABWBW,790764.0
2022-05-01,0209000A0AAABAB,1190349.0
2022-05-01,0601012S0BGAFAI,10991.0
2022-05-01,0302000C0BQABBZ,2525.0
2022-05-01,0401010ADAACZCZ,49525.0
2022-05-01,0205052AEAAACAC,12408.0
2022-05-01,0206020A0AAAAAA,1359805.0
2022-05-01,0601023X0AAAAAA,68699.0
2022-05-01,0302000C0BUAABX,105.0
2022-05-01,0302000AABBACAC,207.0
2022-05-01,1404000H0AAAFAF,0.0
2022-06-01,0901020G0AAAGAG,728083.0
2022-06-01,0601023AGAAABAB,109267.0
2022-06-01,0407010F0AAAHAH,1278421.0
2022-06-01,0302000C0BRAABY,3273.0
2022-06-01,0913011V0BCAAAC,1958750.0
2022-06-01,0105010E0AAABAB,145726.0
2022-06-01,0604011L0BHABAX,32209.0
2022-06-01,0208020AAAAACAC,69637.0
2022-06-01,0208020Z0AAAAAA,241936.0
2022-06-01,21480000101,6205.0
2022-06-01,0208020Y0AAACAC,339618.0
2022-06-01,0209000C0AAAAAA,751867.0
2022-06-01,0704010U0AAAAAA,547069.0
2022-06-01,1404000H0AAANAN,0.0
2022-06-01,0204000H0AAAJAJ,628052.0
2022-06-01,0906040G0DGAADI,432963.0
2022-06-01,0302000AABBAAAA,4079.0
2022-06-01,0302000K0BDABAM,3451.0
2022-06-01,0208020AAAAABAB,36722.0
2022-06-01,0403010B0AAAGAG,1349488.0
2022-06-01,0601011A0BBABAB,11207.0
2022-06-01,0205051R0AAADAD,751027.0
2022-06-01,0407010H0AAAMAM,5240943.0
2022-06-01,0601023AKAAACAC,66696.0
2022-06-01,0601023ANAAAAAA,62213.0
2022-06-01,0212000B0AAABAB,1907811.0
2022-06-01,0301020Q0BBACAC,2406.0
2022-06-01,0601022B0AAABAB,2058981.0
2022-06-01,0304030C0BEABA3,914.0
2022-06-01,0403030Q0AAABAB,623763.0
2022-06-01,0106040M0BCACAA,307963.0
2022-06-01,0301020Q0BCAAAD,95490.0
2022-06-01,0501130R0AAAGAG,74909.0
2022-06-01,0212000B0AAADAD,467508.0
2022-06-01,0109040N0BDABAQ,266627.0
2022-06-01,0302000Z0BBAAAA,2195.0
2022-06-01,0103050P0AAAAAA,3119543.0
2022-06-01,0103050L0AAABAB,539772.0
2022-06-01,0601023ANAAABAB,65425.0
2022-06-01,0103050L0AAAAAA,795402.0
2022-06-01,0103010H0AAAAAA,71254.0
2022-06-01,0601012V0BBAEAD,6239.0
2022-06-01,0601023AEAAAAAA,87861.0
2022-06-01,0205051R0AAABAB,564346.0
2022-06-01,0208020Y0AAABAB,94667.0
2022-06-01,0407010H0AABGBG,1475750.0
2022-06-01,0803042W0BBAAAA,612.0
2022-06-01,0302000K0BHAAAM,1954.0
2022-06-01,0208020Z0AAABAB,642576.0
2022-06-01,0301011R0BIAFAP,14550.0
2022-06-01,0206020A0AAABAB,746536.0
2022-06-01,0602010V0AABXBX,762443.0
2022-06-01,0601011A0BBADAC,9162.0
2022-06-01,0601023AWBBACAC,1226.0
2022-06-01,0601023AQBBABAB,3487.0
2022-06-01,0212000B0AAACAC,794191.0
2022-06-01,0403030D0AAAAAA,618482.0
2022-06-01,0403030Q0AAAAAA,714349.0
2022-06-01,0301040Y0BBAAAA,60210.0
2022-06-01,0602010V0AABZBZ,911633.0
2022-06-01,0704020AEAAABAB,81259.0
2022-06-01,0302000C0BQAABX,12013.0
2022-06-01,0602010V0AABWBW,753561.0
2022-06-01,0209000A0AAABAB,1131876.0
2022-06-01,0601012S0BGAFAI,11006.0
2022-06-01,0302000C0BQABBZ,2333.0
2022-06-01,0401010ADAACZCZ,48535.0
2022-06-01,0205052AEAAACAC,13971.0
2022-06-01,0206020A0AAAAAA,1308456.0
2022-06-01,0601023X0AAAAAA,64448.0
2022-06-01,0302000C0BUAABX,539.0
2022-06-01,0302000AABBACAC,271.0
2022-06-01,1404000H0AAAFAF,0.0
2022-07-01,0901020G0AAAGAG,740794.0
2022-07-01,0601023AGAAABAB,120931.0
2022-07-01,0407010F0AAAHAH,1267191.0
2022-07-01,0302000C0BRAABY,3375.0
2022-07-01,0913011V0BCAAAC,2176125.0
2022-07-01,0105010E0AAABAB,153209.0
2022-07-01,0604011L0BHABAX,32948.0
2022-07-01,0208020AAAAACAC,78942.0
2022-07-01,0208020Z0AAAAAA,254280.0
2022-07-01,21480000101,6427.0
2022-07-01,0208020Y0AAACAC,340206.0
2022-07-01,0209000C0AAAAAA,749240.0
2022-07-01,0704010U0AAAAAA,558861.0
2022-07-01,1404000H0AAANAN,0.0
2022-07-01,0204000H0AAAJAJ,640593.0
2022-07-01,0906040G0DGAADI,433758.0
2022-07-01,0302000AABBAAAA,4005.0
2022-07-01,0302000K0BDABAM,3439.0
2022-07-01,0208020AAAAABAB,43207.0
2022-07-01,0403010B0AAAGAG,1357461.0
2022-07-01,0601011A0BBABAB,10534.0
2022-07-01,0205051R0AAADAD,760878.0
2022-07-01,0407010H0AAAMAM,5340315.0
2022-07-01,0601023AKAAACAC,68521.0
2022-07-01,0601023ANAAAAAA,63824.0
2022-07-01,0212000B0AAABAB,1969703.0
2022-07-01,0301020Q0BBACAC,2477.0
2022-07-01,0601022B0AAABAB,2047072.0
2022-07-01,0304030C0BEABA3,1044.0
2022-07-01,0403030Q0AAABAB,624036.0
2022-07-01,0106040M0BCACAA,319069.0
2022-07-01,0301020Q0BCAAAD,96390.0
2022-07-01,0501130R0AAAGAG,78557.0
2022-07-01,0212000B0AAADAD,469363.0
2022-07-01,0109040N0BDABAQ,287538.0
2022-07-01,0302000Z0BBAAAA,2229.0
2022-07-01,0103050P0AAAAAA,3178108.0
2022-07-01,0103050L0AAABAB,543208.0
2022-07-01,0601023ANAAABAB,64709.0
2022-07-01,0103050L0AAAAAA,803064.0
2022-07-01,0103010H0AAAAAA,73506.0
2022-07-01,0601012V0BBAEAD,6423.0
2022-07-01,0601023AEAAAAAA,89994.0
2022-07-01,0205051R0AAABAB,562192.0
2022-07-01,0208020Y0AAABAB,94813.0
2022-07-01,0407010H0AABGBG,1551750.0
2022-07-01,0803042W0BBAAAA,626.0
2022-07-01,0302000K0BHAAAM,2065.0
2022-07-01,0208020Z0AAABAB,658306.0
2022-07-01,0301011R0BIAFAP,15660.0
2022-07-01,0206020A0AAABAB,752702.0
2022-07-01,0602010V0AABXBX,766150.0
2022-07-01,0601011A0BBADAC,10116.0
2022-07-01,0601023AWBBACAC,1255.0
2022-07-01,0601023AQBBABAB,3444.0
2022-07-01,0212000B0AAACAC,801429.0
2022-07-01,0403030D0AAAAAA,597424.0
2022-07-01,0403030Q0AAAAAA,720389.0
2022-07-01,0301040Y0BBAAAA,58550.0
2022-07-01,0602010V0AABZBZ,929017.0
2022-07-01,0704020AEAAABAB,80084.0
2022-07-01,0302000C0BQAABX,11852.0
2022-07-01,0602010V0AABWBW,767792.0
2022-07-01,0209000A0AAABAB,1143879.0
2022-07-01,0601012S0BGAFAI,10812.0
2022-07-01,0302000C0BQABBZ,2615.0
2022-07-01,0401010ADAACZCZ,51625.0
2022-07-01,0205052AEAAACAC,14408.0
2022-07-01,0206020A0AAAAAA,1323954.0
2022-07-01,0601023X0AAAAAA,62353.0
2022-07-01,0302000C0BUAABX,1141.0
2022-07-01,0302000AABBACAC,371.0
2022-07-01,1404000H0AAAFAF,0.0
2022-08-01,0901020G0AAAGAG,750850.0
2022-08-01,0601023AGAAABAB,128700.0
2022-08-01,0407010F0AAAHAH,1288079.0
2022-08-01,0302000C0BRAABY,3640.0
2022-08-01,0913011V0BCAAAC,2253375.0
2022-08-01,0105010E0AAABAB,152860.0
2022-08-01,0604011L0BHABAX,33101.0
2022-08-01,0208020AAAAACAC,86343.0
2022-08-01,0208020Z0AAAAAA,252095.0
2022-08-01,21480000101,6949.0
2022-08-01,0208020Y0AAACAC,349091.0
2022-08-01,0209000C0AAAAAA,777408.0
2022-08-01,0704010U0AAAAAA,576806.0
2022-08-01,1404000H0AAANAN,0.0
2022-08-01,0204000H0AAAJAJ,656365.0
2022-08-01,0906040G0DGAADI,462372.0
2022-08-01,0302000AABBAAAA,4187.0
2022-08-01,0302000K0BDABAM,3561.0
2022-08-01,0208020AAAAABAB,51516.0
2022-08-01,0403010B0AAAGAG,1386557.0
2022-08-01,0601011A0BBABAB,13478.0
2022-08-01,0205051R0AAADAD,770287.0
2022-08-01,0407010H0AAAMAM,5378779.0
2022-08-01,0601023AKAAACAC,67882.0
2022-08-01,0601023ANAAAAAA,62087.0
2022-08-01,0212000B0AAABAB,2054227.0
2022-08-01,0301020Q0BBACAC,2521.0
2022-08-01,0601022B0AAABAB,2097028.0
2022-08-01,0304030C0BEABA3,1107.0
2022-08-01,0403030Q0AAABAB,636330.0
2022-08-01,0106040M0BCACAA,329392.0
2022-08-01,0301020Q0BCAAAD,95730.0
2022-08-01,0501130R0AAAGAG,82947.0
2022-08-01,0212000B0AAADAD,485759.0
2022-08-01,0109040N0BDABAQ,265488.0
2022-08-01,0302000Z0BBAAAA,2378.0
2022-08-01,0103050P0AAAAAA,3235130.0
2022-08-01,0103050L0AAABAB,568900.0
2022-08-01,0601023ANAAABAB,65945.0
2022-08-01,0103050L0AAAAAA,828958.0
2022-08-01,0103010H0AAAAAA,74350.0
2022-08-01,0601012V0BBAEAD,6672.0
2022-08-01,0601023AEAAAAAA,90789.0
2022-08-01,0205051R0AAABAB,586976.0
2022-08-01,0208020Y0AAABAB,94334.0
2022-08-01,0407010H0AABGBG,1584570.0
2022-08-01,0803042W0BBAAAA,562.0
2022-08-01,0302000K0BHAAAM,2024.0
2022-08-01,0208020Z0AAABAB,664783.0
2022-08-01,0301011R0BIAFAP,16462.0
2022-08-01,0206020A0AAABAB,773416.0
2022-08-01,0602010V0AABXBX,792192.0
2022-08-01,0601011A0BBADAC,9135.0
2022-08-01,0601023AWBBACAC,1375.0
2022-08-01,0601023AQBBABAB,3377.0
2022-08-01,0212000B0AAACAC,832824.0
2022-08-01,0403030D0AAAAAA,615375.0
2022-08-01,0403030Q0AAAAAA,726823.0
2022-08-01,0301040Y0BBAAAA,58890.0
2022-08-01,0602010V0AABZBZ,944898.0
2022-08-01,0704020AEAAABAB,84508.0
2022-08-01,0302000C0BQAABX,11178.0
2022-08-01,0602010V0AABWBW,784424.0
2022-08-01,0209000A0AAABAB,1175404.0
2022-08-01,0601012S0BGAFAI,11167.0
2022-08-01,0302000C0BQABBZ,2517.0
2022-08-01,0401010ADAACZCZ,49075.0
2022-08-01,0205052AEAAACAC,15428.0
2022-08-01,0206020A0AAAAAA,1351740.0
2022-08-01,0601023X0AAAAAA,65025.0
2022-08-01,0302000C0BUAABX,1410.0
2022-08-01,0302000AABBACAC,423.0
2022-08-01,1404000H0AAAFAF,0.0
2022-09-01,0901020G0AAAGAG,731379.0
2022-09-01,0601023AGAAABAB,137602.0
2022-09-01,0407010F0AAAHAH,1301391.0
2022-09-01,0302000C0BRAABY,3663.0
2022-09-01,0913011V0BCAAAC,2358375.0
2022-09-01,0105010E0AAABAB,153297.0
2022-09-01,0604011L0BHABAX,33758.0
2022-09-01,0208020AAAAACAC,93600.0
2022-09-01,0208020Z0AAAAAA,245428.0
2022-09-01,21480000101,6866.0
2022-09-01,0208020Y0AAACAC,334387.0
2022-09-01,0209000C0AAAAAA,759219.0
2022-09-01,0704010U0AAAAAA,579714.0
2022-09-01,1404000H0AAANAN,24969.0
2022-09-01,0204000H0AAAJAJ,652035.0
2022-09-01,0906040G0DGAADI,453843.0
2022-09-01,0302000AABBAAAA,4150.0
2022-09-01,0302000K0BDABAM,3521.0
2022-09-01,0208020AAAAABAB,53449.0
2022-09-01,0403010B0AAAGAG,1387620.0
2022-09-01,0601011A0BBABAB,11372.0
2022-09-01,0205051R0AAADAD,762402.0
2022-09-01,0407010H0AAAMAM,5340752.0
2022-09-01,0601023AKAAACAC,71648.0
2022-09-01,0601023ANAAAAAA,64634.0
2022-09-01,0212000B0AAABAB,2091570.0
2022-09-01,0301020Q0BBACAC,2224.0
2022-09-01,0601022B0AAABAB,2045848.0
2022-09-01,0304030C0BEABA3,768.0
2022-09-01,0403030Q0AAABAB,632356.0
2022-09-01,0106040M0BCACAA,325576.0
2022-09-01,0301020Q0BCAAAD,94770.0
2022-09-01,0501130R0AAAGAG,85043.0
2022-09-01,0212000B0AAADAD,482929.0
2022-09-01,0109040N0BDABAQ,289796.0
2022-09-01,0302000Z0BBAAAA,2372.0
2022-09-01,0103050P0AAAAAA,3225550.0
2022-09-01,0103050L0AAABAB,556822.0
2022-09-01,0601023ANAAABAB,68743.0
2022-09-01,0103050L0AAAAAA,822414.0
2022-09-01,0103010H0AAAAAA,82448.0
2022-09-01,0601012V0BBAEAD,6359.0
2022-09-01,0601023AEAAAAAA,88988.0
2022-09-01,0205051R0AAABAB,572522.0
2022-09-01,0208020Y0AAABAB,96540.0
2022-09-01,0407010H0AABGBG,1552140.0
2022-09-01,0803042W0BBAAAA,645.0
2022-09-01,0302000K0BHAAAM,2008.0
2022-09-01,0208020Z0AAABAB,659524.0
2022-09-01,0301011R0BIAFAP,17694.0
2022-09-01,0206020A0AAABAB,762349.0
2022-09-01,0602010V0AABXBX,782255.0
2022-09-01,0601011A0BBADAC,9173.0
2022-09-01,0601023AWBBACAC,1137.0
2022-09-01,0601023AQBBABAB,3411.0
2022-09-01,0212000B0AAACAC,827647.0
2022-09-01,0403030D0AAAAAA,623885.0
2022-09-01,0403030Q0AAAAAA,733958.0
2022-09-01,0301040Y0BBAAAA,56770.0
2022-09-01,0602010V0AABZBZ,931856.0
2022-09-01,0704020AEAAABAB,83705.0
2022-09-01,0302000C0BQAABX,10693.0
2022-09-01,0602010V0AABWBW,770368.0
2022-09-01,0209000A0AAABAB,1157782.0
2022-09-01,0601012S0BGAFAI,10626.0
2022-09-01,0302000C0BQABBZ,2478.0
2022-09-01,0401010ADAACZCZ,55840.0
2022-09-01,0205052AEAAACAC,16977.0
2022-09-01,0206020A0AAAAAA,1345509.0
2022-09-01,0601023X0AAAAAA,63724.0
2022-09-01,0302000C0BUAABX,1680.0
2022-09-01,0302000AABBACAC,552.0
2022-09-01,1404000H0AAAFAF,6979.0
2022-10-01,0901020G0AAAGAG,744464.0
2022-10-01,0601023AGAAABAB,145178.0
2022-10-01,0407010F0AAAHAH,1279674.0
2022-10-01,0302000C0BRAABY,3918.0
2022-10-01,0913011V0BCAAAC,2426125.0
2022-10-01,0105010E0AAABAB,151777.0
2022-10-01,0604011L0BHABAX,34921.0
2022-10-01,0208020AAAAACAC,102245.0
2022-10-01,0208020Z0AAAAAA,241158.0
2022-10-01,21480000101,7296.0
2022-10-01,0208020Y0AAACAC,332016.0
2022-10-01,0209000C0AAAAAA,755152.0
2022-10-01,0704010U0AAAAAA,576511.0
2022-10-01,1404000H0AAANAN,95361.0
2022-10-01,0204000H0AAAJAJ,660818.0
2022-10-01,0906040G0DGAADI,450413.0
2022-10-01,0302000AABBAAAA,4128.0
2022-10-01,0302000K0BDABAM,3523.0
2022-10-01,0208020AAAAABAB,59346.0
2022-10-01,0403010B0AAAGAG,1402204.0
2022-10-01,0601011A0BBABAB,12432.0
2022-10-01,0205051R0AAADAD,756285.0
2022-10-01,0407010H0AAAMAM,5354507.0
2022-10-01,0601023AKAAACAC,68239.0
2022-10-01,0601023ANAAAAAA,68695.0
2022-10-01,0212000B0AAABAB,2099890.0
2022-10-01,0301020Q0BBACAC,2640.0
2022-10-01,0601022B0AAABAB,2040184.0
2022-10-01,0304030C0BEABA3,921.0
2022-10-01,0403030Q0AAABAB,633869.0
2022-10-01,0106040M0BCACAA,318813.0
2022-10-01,0301020Q0BCAAAD,93240.0
2022-10-01,0501130R0AAAGAG,86021.0
2022-10-01,0212000B0AAADAD,483361.0
2022-10-01,0109040N0BDABAQ,282379.0
2022-10-01,0302000Z0BBAAAA,2411.0
2022-10-01,0103050P0AAAAAA,3187201.0
2022-10-01,0103050L0AAABAB,564597.0
2022-10-01,0601023ANAAABAB,66791.0
2022-10-01,0103050L0AAAAAA,815527.0
2022-10-01,0103010H0AAAAAA,84328.0
2022-10-01,0601012V0BBAEAD,6452.0
2022-10-01,0601023AEAAAAAA,91598.0
2022-10-01,0205051R0AAABAB,571317.0
2022-10-01,0208020Y0AAABAB,92886.0
2022-10-01,0407010H0AABGBG,1686402.0
2022-10-01,0803042W0BBAAAA,640.0
2022-10-01,0302000K0BHAAAM,2066.0
2022-10-01,0208020Z0AAABAB,655277.0
2022-10-01,0301011R0BIAFAP,17404.0
2022-10-01,0206020A0AAABAB,759561.0
2022-10-01,0602010V0AABXBX,770242.0
2022-10-01,0601011A0BBADAC,9042.0
2022-10-01,0601023AWBBACAC,1222.0
2022-10-01,0601023AQBBABAB,3280.0
2022-10-01,0212000B0AAACAC,827813.0
2022-10-01,0403030D0AAAAAA,625745.0
2022-10-01,0403030Q0AAAAAA,725981.0
2022-10-01,0301040Y0BBAAAA,59350.0
2022-10-01,0602010V0AABZBZ,932503.0
2022-10-01,0704020AEAAABAB,84395.0
2022-10-01,0302000C0BQAABX,10151.0
2022-10-01,0602010V0AABWBW,770933.0
2022-10-01,0209000A0AAABAB,1138538.0
2022-10-01,0601012S0BGAFAI,11459.0
2022-10-01,0302000C0BQABBZ,2428.0
2022-10-01,0401010ADAACZCZ,53540.0
2022-10-01,0205052AEAAACAC,17348.0
2022-10-01,0206020A0AAAAAA,1331922.0
2022-10-01,0601023X0AAAAAA,61706.0
2022-10-01,0302000C0BUAABX,2520.0
2022-10-01,0302000AABBACAC,567.0
2022-10-01,1404000H0AAAFAF,42424.0
2022-11-01,0901020G0AAAGAG,777911.0
2022-11-01,0601023AGAAABAB,161153.0
2022-11-01,0407010F0AAAHAH,1322262.0
2022-11-01,0302000C0BRAABY,4340.0
2022-11-01,0913011V0BCAAAC,2504750.0
2022-11-01,0105010E0AAABAB,146616.0
2022-11-01,0604011L0BHABAX,38835.0
2022-11-01,0208020AAAAACAC,117690.0
2022-11-01,0208020Z0AAAAAA,246274.0
2022-11-01,21480000101,7655.0
2022-11-01,0208020Y0AAACAC,335395.0
2022-11-01,0209000C0AAAAAA,769724.0
2022-11-01,0704010U0AAAAAA,605254.0
2022-11-01,1404000H0AAANAN,29533.0
2022-11-01,0204000H0AAAJAJ,673028.0
2022-11-01,0906040G0DGAADI,467336.0
2022-11-01,0302000AABBAAAA,4270.0
2022-11-01,0302000K0BDABAM,3627.0
2022-11-01,0208020AAAAABAB,68138.0
2022-11-01,0403010B0AAAGAG,1449922.0
2022-11-01,0601011A0BBABAB,11248.0
2022-11-01,0205051R0AAADAD,785682.0
2022-11-01,0407010H0AAAMAM,5555597.0
2022-11-01,0601023AKAAACAC,71926.0
2022-11-01,0601023ANAAAAAA,68482.0
2022-11-01,0212000B0AAABAB,2207169.0
2022-11-01,0301020Q0BBACAC,2623.0
2022-11-01,0601022B0AAABAB,2103455.0
2022-11-01,0304030C0BEABA3,738.0
2022-11-01,0403030Q0AAABAB,655764.0
2022-11-01,0106040M0BCACAA,334613.0
2022-11-01,0301020Q0BCAAAD,95100.0
2022-11-01,0501130R0AAAGAG,88509.0
2022-11-01,0212000B0AAADAD,502915.0
2022-11-01,0109040N0BDABAQ,287743.0
2022-11-01,0302000Z0BBAAAA,2567.0
2022-11-01,0103050P0AAAAAA,3289662.0
2022-11-01,0103050L0AAABAB,573753.0
2022-11-01,0601023ANAAABAB,70505.0
2022-11-01,0103050L0AAAAAA,846976.0
2022-11-01,0103010H0AAAAAA,90032.0
2022-11-01,0601012V0BBAEAD,6370.0
2022-11-01,0601023AEAAAAAA,90797.0
2022-11-01,0205051R0AAABAB,594023.0
2022-11-01,0208020Y0AAABAB,95033.0
2022-11-01,0407010H0AABGBG,1723090.0
2022-11-01,0803042W0BBAAAA,576.0
2022-11-01,0302000K0BHAAAM,2065.0
2022-11-01,0208020Z0AAABAB,667724.0
2022-11-01,0301011R0BIAFAP,20480.0
2022-11-01,0206020A0AAABAB,798322.0
2022-11-01,0602010V0AABXBX,790473.0
2022-11-01,0601011A0BBADAC,8913.0
2022-11-01,0601023AWBBACAC,1417.0
2022-11-01,0601023AQBBABAB,3213.0
2022-11-01,0212000B0AAACAC,852624.0
2022-11-01,0403030D0AAAAAA,638334.0
2022-11-01,0403030Q0AAAAAA,761379.0
2022-11-01,0301040Y0BBAAAA,53890.0
2022-11-01,0602010V0AABZBZ,934261.0
2022-11-01,0704020AEAAABAB,85608.0
2022-11-01,0302000C0BQAABX,8805.0
2022-11-01,0602010V0AABWBW,784530.0
2022-11-01,0209000A0AAABAB,1172212.0
2022-11-01,0601012S0BGAFAI,11282.0
2022-11-01,0302000C0BQABBZ,2515.0
2022-11-01,0401010ADAACZCZ,59280.0
2022-11-01,0205052AEAAACAC,18458.0
2022-11-01,0206020A0AAAAAA,1378622.0
2022-11-01,0601023X0AAAAAA,61602.0
2022-11-01,0302000C0BUAABX,4000.0
2022-11-01,0302000AABBACAC,742.0
2022-11-01,1404000H0AAAFAF,27631.0
2022-12-01,0901020G0AAAGAG,737475.0
2022-12-01,0601023AGAAABAB,169065.0
2022-12-01,0407010F0AAAHAH,1295510.0
2022-12-01,0302000C0BRAABY,4674.0
2022-12-01,0913011V0BCAAAC,2548875.0
2022-12-01,0105010E0AAABAB,149560.0
2022-12-01,0604011L0BHABAX,36943.0
2022-12-01,0208020AAAAACAC,139452.0
2022-12-01,0208020Z0AAAAAA,238804.0
2022-12-01,21480000101,7940.0
2022-12-01,0208020Y0AAACAC,320401.0
2022-12-01,0209000C0AAAAAA,783950.0
2022-12-01,0704010U0AAAAAA,599457.0
2022-12-01,1404000H0AAANAN,15246.0
2022-12-01,0204000H0AAAJAJ,672800.0
2022-12-01,0906040G0DGAADI,464980.0
2022-12-01,0302000AABBAAAA,4378.0
2022-12-01,0302000K0BDABAM,3935.0
2022-12-01,0208020AAAAABAB,77679.0
2022-12-01,0403010B0AAAGAG,1441114.0
2022-12-01,0601011A0BBABAB,12296.0
2022-12-01,0205051R0AAADAD,778375.0
2022-12-01,0407010H0AAAMAM,5549233.0
2022-12-01,0601023AKAAACAC,68540.0
2022-12-01,0601023ANAAAAAA,71411.0
2022-12-01,0212000B0AAABAB,2246570.0
2022-12-01,0301020Q0BBACAC,2561.0
2022-12-01,0601022B0AAABAB,2083893.0
2022-12-01,0304030C0BEABA3,624.0
2022-12-01,0403030Q0AAABAB,647926.0
2022-12-01,0106040M0BCACAA,327173.0
2022-12-01,0301020Q0BCAAAD,95040.0
2022-12-01,0501130R0AAAGAG,83070.0
2022-12-01,0212000B0AAADAD,511010.0
2022-12-01,0109040N0BDABAQ,290597.0
2022-12-01,0302000Z0BBAAAA,2590.0
2022-12-01,0103050P0AAAAAA,3284281.0
2022-12-01,0103050L0AAABAB,603381.0
2022-12-01,0601023ANAAABAB,72406.0
2022-12-01,0103050L0AAAAAA,856057.0
2022-12-01,0103010H0AAAAAA,94857.0
2022-12-01,0601012V0BBAEAD,6890.0
2022-12-01,0601023AEAAAAAA,92804.0
2022-12-01,0205051R0AAABAB,597686.0
2022-12-01,0208020Y0AAABAB,87809.0
2022-12-01,0407010H0AABGBG,1742995.0
2022-12-01,0803042W0BBAAAA,647.0
2022-12-01,0302000K0BHAAAM,2115.0
2022-12-01,0208020Z0AAABAB,669965.0
2022-12-01,0301011R0BIAFAP,23308.0
2022-12-01,0206020A0AAABAB,792862.0
2022-12-01,0602010V0AABXBX,787150.0
2022-12-01,0601011A0BBADAC,9803.0
2022-12-01,0601023AWBBACAC,1198.0
2022-12-01,0601023AQBBABAB,3317.0
2022-12-01,0212000B0AAACAC,863483.0
2022-12-01,0403030D0AAAAAA,641529.0
2022-12-01,0403030Q0AAAAAA,742952.0
2022-12-01,0301040Y0BBAAAA,59410.0
2022-12-01,0602010V0AABZBZ,951819.0
2022-12-01,0704020AEAAABAB,90746.0
2022-12-01,0302000C0BQAABX,8705.0
2022-12-01,0602010V0AABWBW,782833.0
2022-12-01,0209000A0AAABAB,1167267.0
2022-12-01,0601012S0BGAFAI,11958.0
2022-12-01,0302000C0BQABBZ,2680.0
2022-12-01,0401010ADAACZCZ,51055.0
2022-12-01,0205052AEAAACAC,20089.0
2022-12-01,0206020A0AAAAAA,1392193.0
2022-12-01,0601023X0AAAAAA,60752.0
2022-12-01,0302000C0BUAABX,4706.0
2022-12-01,0302000AABBACAC,743.0
2022-12-01,1404000H0AAAFAF,14817.0
2023-01-01,0901020G0AAAGAG,744966.0
2023-01-01,0601023AGAAABAB,185651.0
2023-01-01,0407010F0AAAHAH,1295451.0
2023-01-01,0302000C0BRAABY,4620.0
2023-01-01,0913011V0BCAAAC,2828625.0
2023-01-01,0105010E0AAABAB,147326.0
2023-01-01,0604011L0BHABAX,36546.0
2023-01-01,0208020AAAAACAC,150745.0
2023-01-01,0208020Z0AAAAAA,230240.0
2023-01-01,21480000101,8866.0
2023-01-01,0208020Y0AAACAC,310388.0
2023-01-01,0209000C0AAAAAA,767833.0
2023-01-01,0704010U0AAAAAA,594912.0
2023-01-01,1404000H0AAANAN,8313.0
2023-01-01,0204000H0AAAJAJ,668157.0
2023-01-01,0906040G0DGAADI,460450.0
2023-01-01,0302000AABBAAAA,4281.0
2023-01-01,0302000K0BDABAM,3635.0
2023-01-01,0208020AAAAABAB,83640.0
2023-01-01,0403010B0AAAGAG,1436664.0
2023-01-01,0601011A0BBABAB,11468.0
2023-01-01,0205051R0AAADAD,767495.0
2023-01-01,0407010H0AAAMAM,5462329.0
2023-01-01,0601023AKAAACAC,66268.0
2023-01-01,0601023ANAAAAAA,69972.0
2023-01-01,0212000B0AAABAB,2259006.0
2023-01-01,0301020Q0BBACAC,2505.0
2023-01-01,0601022B0AAABAB,2085630.0
2023-01-01,0304030C0BEABA3,925.0
2023-01-01,0403030Q0AAABAB,654736.0
2023-01-01,0106040M0BCACAA,329174.0
2023-01-01,0301020Q0BCAAAD,89850.0
2023-01-01,0501130R0AAAGAG,82496.0
2023-01-01,0212000B0AAADAD,514719.0
2023-01-01,0109040N0BDABAQ,281274.0
2023-01-01,0302000Z0BBAAAA,2578.0
2023-01-01,0103050P0AAAAAA,3314303.0
2023-01-01,0103050L0AAABAB,598467.0
2023-01-01,0601023ANAAABAB,73011.0
2023-01-01,0103050L0AAAAAA,845306.0
2023-01-01,0103010H0AAAAAA,95069.0
2023-01-01,0601012V0BBAEAD,6449.0
2023-01-01,0601023AEAAAAAA,91210.0
2023-01-01,0205051R0AAABAB,594374.0
2023-01-01,0208020Y0AAABAB,86736.0
2023-01-01,0407010H0AABGBG,1595630.0
2023-01-01,0803042W0BBAAAA,599.0
2023-01-01,0302000K0BHAAAM,2137.0
2023-01-01,0208020Z0AAABAB,638177.0
2023-01-01,0301011R0BIAFAP,22775.0
2023-01-01,0206020A0AAABAB,799509.0
2023-01-01,0602010V0AABXBX,779335.0
2023-01-01,0601011A0BBADAC,9652.0
2023-01-01,0601023AWBBACAC,1468.0
2023-01-01,0601023AQBBABAB,3139.0
2023-01-01,0212000B0AAACAC,851214.0
2023-01-01,0403030D0AAAAAA,625117.0
2023-01-01,0403030Q0AAAAAA,751226.0
2023-01-01,0301040Y0BBAAAA,56500.0
2023-01-01,0602010V0AABZBZ,931837.0
2023-01-01,0704020AEAAABAB,87641.0
2023-01-01,0302000C0BQAABX,7618.0
2023-01-01,0602010V0AABWBW,768099.0
2023-01-01,0209000A0AAABAB,1147443.0
2023-01-01,0601012S0BGAFAI,11995.0
2023-01-01,0302000C0BQABBZ,2569.0
2023-01-01,0401010ADAACZCZ,58770.0
2023-01-01,0205052AEAAACAC,21844.0
2023-01-01,0206020A0AAAAAA,1372803.0
2023-01-01,0601023X0AAAAAA,59442.0
2023-01-01,0302000C0BUAABX,5136.0
2023-01-01,0302000AABBACAC,753.0
2023-01-01,1404000H0AAAFAF,3361.0
2023-02-01,0901020G0AAAGAG,722707.0
2023-02-01,0601023AGAAABAB,177563.0
2023-02-01,0407010F0AAAHAH,1216257.0
2023-02-01,0302000C0BRAABY,4631.0
2023-02-01,0913011V0BCAAAC,2846750.0
2023-02-01,0105010E0AAABAB,136927.0
2023-02-01,0604011L0BHABAX,37706.0
2023-02-01,0208020AAAAACAC,155462.0
2023-02-01,0208020Z0AAAAAA,209972.0
2023-02-01,21480000101,8089.0
2023-02-01,0208020Y0AAACAC,279856.0
2023-02-01,0209000C0AAAAAA,708717.0
2023-02-01,0704010U0AAAAAA,554915.0
2023-02-01,1404000H0AAANAN,3205.0
2023-02-01,0204000H0AAAJAJ,621547.0
2023-02-01,0906040G0DGAADI,437451.0
2023-02-01,0302000AABBAAAA,4072.0
2023-02-01,0302000K0BDABAM,3428.0
2023-02-01,0208020AAAAABAB,89365.0
2023-02-01,0403010B0AAAGAG,1331303.0
2023-02-01,0601011A0BBABAB,11162.0
2023-02-01,0205051R0AAADAD,719322.0
2023-02-01,0407010H0AAAMAM,5094817.0
2023-02-01,0601023AKAAACAC,64743.0
2023-02-01,0601023ANAAAAAA,66752.0
2023-02-01,0212000B0AAABAB,2137056.0
2023-02-01,0301020Q0BBACAC,2228.0
2023-02-01,0601022B0AAABAB,1931873.0
2023-02-01,0304030C0BEABA3,983.0
2023-02-01,0403030Q0AAABAB,604664.0
2023-02-01,0106040M0BCACAA,305910.0
2023-02-01,0301020Q0BCAAAD,84150.0
2023-02-01,0501130R0AAAGAG,71891.0
2023-02-01,0212000B0AAADAD,474208.0
2023-02-01,0109040N0BDABAQ,267317.0
2023-02-01,0302000Z0BBAAAA,2416.0
2023-02-01,0103050P0AAAAAA,3046453.0
2023-02-01,0103050L0AAABAB,557329.0
2023-02-01,0601023ANAAABAB,68770.0
2023-02-01,0103050L0AAAAAA,786697.0
2023-02-01,0103010H0AAAAAA,93728.0
2023-02-01,0601012V0BBAEAD,5938.0
2023-02-01,0601023AEAAAAAA,87316.0
2023-02-01,0205051R0AAABAB,551422.0
2023-02-01,0208020Y0AAABAB,79416.0
2023-02-01,0407010H0AABGBG,1639720.0
2023-02-01,0803042W0BBAAAA,633.0
2023-02-01,0302000K0BHAAAM,1882.0
2023-02-01,0208020Z0AAABAB,589708.0
2023-02-01,0301011R0BIAFAP,20715.0
2023-02-01,0206020A0AAABAB,752741.0
2023-02-01,0602010V0AABXBX,710692.0
2023-02-01,0601011A0BBADAC,8114.0
2023-02-01,0601023AWBBACAC,1357.0
2023-02-01,0601023AQBBABAB,2913.0
2023-02-01,0212000B0AAACAC,797930.0
2023-02-01,0403030D0AAAAAA,596644.0
2023-02-01,0403030Q0AAAAAA,706607.0
2023-02-01,0301040Y0BBAAAA,54280.0
2023-02-01,0602010V0AABZBZ,870376.0
2023-02-01,0704020AEAAABAB,83514.0
2023-02-01,0302000C0BQAABX,6555.0
2023-02-01,0602010V0AABWBW,712973.0
2023-02-01,0209000A0AAABAB,1067964.0
2023-02-01,0601012S0BGAFAI,11776.0
2023-02-01,0302000C0BQABBZ,2357.0
2023-02-01,0401010ADAACZCZ,49055.0
2023-02-01,0205052AEAAACAC,19746.0
2023-02-01,0206020A0AAAAAA,1292250.0
2023-02-01,0601023X0AAAAAA,56451.0
2023-02-01,0302000C0BUAABX,5180.0
2023-02-01,0302000AABBACAC,748.0
2023-02-01,1404000H0AAAFAF,1837.0
2023-03-01,0901020G0AAAGAG,793657.0
2023-03-01,0601023AGAAABAB,218231.0
2023-03-01,0407010F0AAAHAH,1379230.0
2023-03-01,0302000C0BRAABY,5577.0
2023-03-01,0913011V0BCAAAC,3638625.0
2023-03-01,0105010E0AAABAB,154970.0
2023-03-01,0604011L0BHABAX,41424.0
2023-03-01,0208020AAAAACAC,205709.0
2023-03-01,0208020Z0AAAAAA,235825.0
2023-03-01,21480000101,9605.0
2023-03-01,0208020Y0AAACAC,311700.0
2023-03-01,0209000C0AAAAAA,824357.0
2023-03-01,0704010U0AAAAAA,635598.0
2023-03-01,1404000H0AAANAN,3271.0
2023-03-01,0204000H0AAAJAJ,725047.0
2023-03-01,0906040G0DGAADI,498636.0
2023-03-01,0302000AABBAAAA,4613.0
2023-03-01,0302000K0BDABAM,3790.0
2023-03-01,0208020AAAAABAB,118709.0
2023-03-01,0403010B0AAAGAG,1547509.0
2023-03-01,0601011A0BBABAB,12544.0
2023-03-01,0205051R0AAADAD,832246.0
2023-03-01,0407010H0AAAMAM,5784823.0
2023-03-01,0601023AKAAACAC,71721.0
2023-03-01,0601023ANAAAAAA,79610.0
2023-03-01,0212000B0AAABAB,2509365.0
2023-03-01,0301020Q0BBACAC,2509.0
2023-03-01,0601022B0AAABAB,2224382.0
2023-03-01,0304030C0BEABA3,1201.0
2023-03-01,0403030Q0AAABAB,698312.0
2023-03-01,0106040M0BCACAA,350502.0
2023-03-01,0301020Q0BCAAAD,92430.0
2023-03-01,0501130R0AAAGAG,81825.0
2023-03-01,0212000B0AAADAD,558477.0
2023-03-01,0109040N0BDABAQ,317999.0
2023-03-01,0302000Z0BBAAAA,2839.0
2023-03-01,0103050P0AAAAAA,3500763.0
2023-03-01,0103050L0AAABAB,639499.0
2023-03-01,0601023ANAAABAB,80078.0
2023-03-01,0103050L0AAAAAA,908668.0
2023-03-01,0103010H0AAAAAA,107700.0
2023-03-01,0601012V0BBAEAD,6946.0
2023-03-01,0601023AEAAAAAA,98461.0
2023-03-01,0205051R0AAABAB,648620.0
2023-03-01,0208020Y0AAABAB,88283.0
2023-03-01,0407010H0AABGBG,1780160.0
2023-03-01,0803042W0BBAAAA,629.0
2023-03-01,0302000K0BHAAAM,2253.0
2023-03-01,0208020Z0AAABAB,664222.0
2023-03-01,0301011R0BIAFAP,24700.0
2023-03-01,0206020A0AAABAB,869488.0
2023-03-01,0602010V0AABXBX,831656.0
2023-03-01,0601011A0BBADAC,9940.0
2023-03-01,0601023AWBBACAC,1555.0
2023-03-01,0601023AQBBABAB,3181.0
2023-03-01,0212000B0AAACAC,925729.0
2023-03-01,0403030D0AAAAAA,674885.0
2023-03-01,0403030Q0AAAAAA,812361.0
2023-03-01,0301040Y0BBAAAA,59020.0
2023-03-01,0602010V0AABZBZ,1007926.0
2023-03-01,0704020AEAAABAB,95368.0
2023-03-01,0302000C0BQAABX,7076.0
2023-03-01,0602010V0AABWBW,825694.0
2023-03-01,0209000A0AAABAB,1228818.0
2023-03-01,0601012S0BGAFAI,14151.0
2023-03-01,0302000C0BQABBZ,2629.0
2023-03-01,0401010ADAACZCZ,64905.0
2023-03-01,0205052AEAAACAC,23920.0
2023-03-01,0206020A0AAAAAA,1503848.0
2023-03-01,0601023X0AAAAAA,64453.0
2023-03-01,0302000C0BUAABX,5836.0
2023-03-01,0302000AABBACAC,1004.0
2023-03-01,1404000H0AAAFAF,2189.0
2023-04-01,0901020G0AAAGAG,677228.0
2023-04-01,0601023AGAAABAB,202002.0
2023-04-01,0407010F0AAAHAH,1243602.0
2023-04-01,0302000C0BRAABY,4936.0
2023-04-01,0913011V0BCAAAC,3439500.0
2023-04-01,0105010E0AAABAB,139655.0
2023-04-01,0604011L0BHABAX,38360.0
2023-04-01,0208020AAAAACAC,197815.0
2023-04-01,0208020Z0AAAAAA,207041.0
2023-04-01,21480000101,8776.0
2023-04-01,0208020Y0AAACAC,271512.0
2023-04-01,0209000C0AAAAAA,726245.0
2023-04-01,0704010U0AAAAAA,562402.0
2023-04-01,1404000H0AAANAN,272.0
2023-04-01,0204000H0AAAJAJ,644677.0
2023-04-01,0906040G0DGAADI,454136.0
2023-04-01,0302000AABBAAAA,4138.0
2023-04-01,0302000K0BDABAM,3414.0
2023-04-01,0208020AAAAABAB,113935.0
2023-04-01,0403010B0AAAGAG,1385464.0
2023-04-01,0601011A0BBABAB,11452.0
2023-04-01,0205051R0AAADAD,739847.0
2023-04-01,0407010H0AAAMAM,5210303.0
2023-04-01,0601023AKAAACAC,66167.0
2023-04-01,0601023ANAAAAAA,71685.0
2023-04-01,0212000B0AAABAB,2204818.0
2023-04-01,0301020Q0BBACAC,2189.0
2023-04-01,0601022B0AAABAB,1981934.0
2023-04-01,0304030C0BEABA3,993.0
2023-04-01,0403030Q0AAABAB,625894.0
2023-04-01,0106040M0BCACAA,317714.0
2023-04-01,0301020Q0BCAAAD,84330.0
2023-04-01,0501130R0AAAGAG,72093.0
2023-04-01,0212000B0AAADAD,497120.0
2023-04-01,0109040N0BDABAQ,264307.0
2023-04-01,0302000Z0BBAAAA,2597.0
2023-04-01,0103050P0AAAAAA,3108147.0
2023-04-01,0103050L0AAABAB,578887.0
2023-04-01,0601023ANAAABAB,73490.0
2023-04-01,0103050L0AAAAAA,819006.0
2023-04-01,0103010H0AAAAAA,101934.0
2023-04-01,0601012V0BBAEAD,6103.0
2023-04-01,0601023AEAAAAAA,87947.0
2023-04-01,0205051R0AAABAB,583441.0
2023-04-01,0208020Y0AAABAB,77246.0
2023-04-01,0407010H0AABGBG,1603150.0
2023-04-01,0803042W0BBAAAA,624.0
2023-04-01,0302000K0BHAAAM,1865.0
2023-04-01,0208020Z0AAABAB,587787.0
2023-04-01,0301011R0BIAFAP,22305.0
2023-04-01,0206020A0AAABAB,786365.0
2023-04-01,0602010V0AABXBX,740760.0
2023-04-01,0601011A0BBADAC,8977.0
2023-04-01,0601023AWBBACAC,1386.0
2023-04-01,0601023AQBBABAB,2735.0
2023-04-01,0212000B0AAACAC,833365.0
2023-04-01,0403030D0AAAAAA,594083.0
2023-04-01,0403030Q0AAAAAA,726917.0
2023-04-01,0301040Y0BBAAAA,53240.0
2023-04-01,0602010V0AABZBZ,893617.0
2023-04-01,0704020AEAAABAB,86450.0
2023-04-01,0302000C0BQAABX,5812.0
2023-04-01,0602010V0AABWBW,741239.0
2023-04-01,0209000A0AAABAB,1093165.0
2023-04-01,0601012S0BGAFAI,13011.0
2023-04-01,0302000C0BQABBZ,2165.0
2023-04-01,0401010ADAACZCZ,53720.0
2023-04-01,0205052AEAAACAC,23929.0
2023-04-01,0206020A0AAAAAA,1343926.0
2023-04-01,0601023X0AAAAAA,54939.0
2023-04-01,0302000C0BUAABX,5550.0
2023-04-01,0302000AABBACAC,935.0
2023-04-01,1404000H0AAAFAF,480.0
2023-05-01,0901020G0AAAGAG,707438.0
2023-05-01,0601023AGAAABAB,223542.0
2023-05-01,0407010F0AAAHAH,1290298.0
2023-05-01,0302000C0BRAABY,5204.0
2023-05-01,0913011V0BCAAAC,3649750.0
2023-05-01,0105010E0AAABAB,148359.0
2023-05-01,0604011L0BHABAX,40424.0
2023-05-01,0208020AAAAACAC,212382.0
2023-05-01,0208020Z0AAAAAA,213415.0
2023-05-01,21480000101,9468.0
2023-05-01,0208020Y0AAACAC,278195.0
2023-05-01,0209000C0AAAAAA,775833.0
2023-05-01,0704010U0AAAAAA,608604.0
2023-05-01,1404000H0AAANAN,1892.0
2023-05-01,0204000H0AAAJAJ,684598.0
2023-05-01,0906040G0DGAADI,471889.0
2023-05-01,0302000AABBAAAA,4396.0
2023-05-01,0302000K0BDABAM,3609.0
2023-05-01,0208020AAAAABAB,119763.0
2023-05-01,0403010B0AAAGAG,1446479.0
2023-05-01,0601011A0BBABAB,11931.0
2023-05-01,0205051R0AAADAD,786890.0
2023-05-01,0407010H0AAAMAM,5379185.0
2023-05-01,0601023AKAAACAC,66847.0
2023-05-01,0601023ANAAAAAA,76552.0
2023-05-01,0212000B0AAABAB,2306646.0
2023-05-01,0301020Q0BBACAC,2250.0
2023-05-01,0601022B0AAABAB,2080966.0
2023-05-01,0304030C0BEABA3,1527.0
2023-05-01,0403030Q0AAABAB,651951.0
2023-05-01,0106040M0BCACAA,331162.0
2023-05-01,0301020Q0BCAAAD,85260.0
2023-05-01,0501130R0AAAGAG,74049.0
2023-05-01,0212000B0AAADAD,529442.0
2023-05-01,0109040N0BDABAQ,301379.0
2023-05-01,0302000Z0BBAAAA,2778.0
2023-05-01,0103050P0AAAAAA,3279772.0
2023-05-01,0103050L0AAABAB,591373.0
2023-05-01,0601023ANAAABAB,77600.0
2023-05-01,0103050L0AAAAAA,850202.0
2023-05-01,0103010H0AAAAAA,104103.0
2023-05-01,0601012V0BBAEAD,6173.0
2023-05-01,0601023AEAAAAAA,91502.0
2023-05-01,0205051R0AAABAB,617054.0
2023-05-01,0208020Y0AAABAB,76644.0
2023-05-01,0407010H0AABGBG,1677172.0
2023-05-01,0803042W0BBAAAA,647.0
2023-05-01,0302000K0BHAAAM,1904.0
2023-05-01,0208020Z0AAABAB,620985.0
2023-05-01,0301011R0BIAFAP,23336.0
2023-05-01,0206020A0AAABAB,825501.0
2023-05-01,0602010V0AABXBX,779079.0
2023-05-01,0601011A0BBADAC,8895.0
2023-05-01,0601023AWBBACAC,1370.0
2023-05-01,0601023AQBBABAB,2913.0
2023-05-01,0212000B0AAACAC,884879.0
2023-05-01,0403030D0AAAAAA,626093.0
2023-05-01,0403030Q0AAAAAA,755916.0
2023-05-01,0301040Y0BBAAAA,54590.0
2023-05-01,0602010V0AABZBZ,945646.0
2023-05-01,0704020AEAAABAB,91459.0
2023-05-01,0302000C0BQAABX,5434.0
2023-05-01,0602010V0AABWBW,765459.0
2023-05-01,0209000A0AAABAB,1147735.0
2023-05-01,0601012S0BGAFAI,13372.0
2023-05-01,0302000C0BQABBZ,2039.0
2023-05-01,0401010ADAACZCZ,53625.0
2023-05-01,0205052AEAAACAC,24546.0
2023-05-01,0206020A0AAAAAA,1418745.0
2023-05-01,0601023X0AAAAAA,57046.0
2023-05-01,0302000C0BUAABX,6501.0
2023-05-01,0302000AABBACAC,1038.0
2023-05-01,1404000H0AAAFAF,1755.0
2023-06-01,0901020G0AAAGAG,728007.0
2023-06-01,0601023AGAAABAB,239762.0
2023-06-01,0407010F0AAAHAH,1314305.0
2023-06-01,0302000C0BRAABY,5395.0
2023-06-01,0913011V0BCAAAC,3975375.0
2023-06-01,0105010E0AAABAB,151054.0
2023-06-01,0604011L0BHABAX,44024.0
2023-06-01,0208020AAAAACAC,223642.0
2023-06-01,0208020Z0AAAAAA,218193.0
2023-06-01,21480000101,10210.0
2023-06-01,0208020Y0AAACAC,288053.0
2023-06-01,0209000C0AAAAAA,785848.0
2023-06-01,0704010U0AAAAAA,622351.0
2023-06-01,1404000H0AAANAN,0.0
2023-06-01,0204000H0AAAJAJ,696294.0
2023-06-01,0906040G0DGAADI,487337.0
2023-06-01,0302000AABBAAAA,4583.0
2023-06-01,0302000K0BDABAM,3779.0
2023-06-01,0208020AAAAABAB,127896.0
2023-06-01,0403010B0AAAGAG,1470005.0
2023-06-01,0601011A0BBABAB,12513.0
2023-06-01,0205051R0AAADAD,793254.0
2023-06-01,0407010H0AAAMAM,5573243.0
2023-06-01,0601023AKAAACAC,70525.0
2023-06-01,0601023ANAAAAAA,79437.0
2023-06-01,0212000B0AAABAB,2391848.0
2023-06-01,0301020Q0BBACAC,2335.0
2023-06-01,0601022B0AAABAB,2116953.0
2023-06-01,0304030C0BEABA3,1444.0
2023-06-01,0403030Q0AAABAB,665921.0
2023-06-01,0106040M0BCACAA,350018.0
2023-06-01,0301020Q0BCAAAD,87540.0
2023-06-01,0501130R0AAAGAG,75503.0
2023-06-01,0212000B0AAADAD,547592.0
2023-06-01,0109040N0BDABAQ,290903.0
2023-06-01,0302000Z0BBAAAA,2935.0
2023-06-01,0103050P0AAAAAA,3337642.0
2023-06-01,0103050L0AAABAB,610263.0
2023-06-01,0601023ANAAABAB,80015.0
2023-06-01,0103050L0AAAAAA,877591.0
2023-06-01,0103010H0AAAAAA,116767.0
2023-06-01,0601012V0BBAEAD,6485.0
2023-06-01,0601023AEAAAAAA,96709.0
2023-06-01,0205051R0AAABAB,627118.0
2023-06-01,0208020Y0AAABAB,82830.0
2023-06-01,0407010H0AABGBG,1793490.0
2023-06-01,0803042W0BBAAAA,646.0
2023-06-01,0302000K0BHAAAM,2021.0
2023-06-01,0208020Z0AAABAB,628680.0
2023-06-01,0301011R0BIAFAP,24391.0
2023-06-01,0206020A0AAABAB,838929.0
2023-06-01,0602010V0AABXBX,782935.0
2023-06-01,0601011A0BBADAC,9423.0
2023-06-01,0601023AWBBACAC,1214.0
2023-06-01,0601023AQBBABAB,3013.0
2023-06-01,0212000B0AAACAC,903128.0
2023-06-01,0403030D0AAAAAA,634196.0
2023-06-01,0403030Q0AAAAAA,777333.0
2023-06-01,0301040Y0BBAAAA,56720.0
2023-06-01,0602010V0AABZBZ,960893.0
2023-06-01,0704020AEAAABAB,93211.0
2023-06-01,0302000C0BQAABX,4975.0
2023-06-01,0602010V0AABWBW,792780.0
2023-06-01,0209000A0AAABAB,1172075.0
2023-06-01,0601012S0BGAFAI,14060.0
2023-06-01,0302000C0BQABBZ,1859.0
2023-06-01,0401010ADAACZCZ,54155.0
2023-06-01,0205052AEAAACAC,26706.0
2023-06-01,0206020A0AAAAAA,1444194.0
2023-06-01,0601023X0AAAAAA,59472.0
2023-06-01,0302000C0BUAABX,7180.0
2023-06-01,0302000AABBACAC,1169.0
2023-06-01,1404000H0AAAFAF,0.0
2023-07-01,0901020G0AAAGAG,703780.0
2023-07-01,0601023AGAAABAB,252803.0
2023-07-01,0407010F0AAAHAH,1276358.0
2023-07-01,0302000C0BRAABY,5280.0
2023-07-01,0913011V0BCAAAC,4140750.0
2023-07-01,0105010E0AAABAB,150039.0
2023-07-01,0604011L0BHABAX,45257.0
2023-07-01,0208020AAAAACAC,231764.0
2023-07-01,0208020Z0AAAAAA,211821.0
2023-07-01,21480000101,10261.0
2023-07-01,0208020Y0AAACAC,268880.0
2023-07-01,0209000C0AAAAAA,768331.0
2023-07-01,0704010U0AAAAAA,608750.0
2023-07-01,1404000H0AAANAN,16.0
2023-07-01,0204000H0AAAJAJ,678567.0
2023-07-01,0906040G0DGAADI,483795.0
2023-07-01,0302000AABBAAAA,4434.0
2023-07-01,0302000K0BDABAM,3744.0
2023-07-01,0208020AAAAABAB,130818.0
2023-07-01,0403010B0AAAGAG,1442346.0
2023-07-01,0601011A0BBABAB,11673.0
2023-07-01,0205051R0AAADAD,779117.0
2023-07-01,0407010H0AAAMAM,5453976.0
2023-07-01,0601023AKAAACAC,69022.0
2023-07-01,0601023ANAAAAAA,77035.0
2023-07-01,0212000B0AAABAB,2341284.0
2023-07-01,0301020Q0BBACAC,2346.0
2023-07-01,0601022B0AAABAB,2058887.0
2023-07-01,0304030C0BEABA3,1281.0
2023-07-01,0403030Q0AAABAB,661734.0
2023-07-01,0106040M0BCACAA,342168.0
2023-07-01,0301020Q0BCAAAD,80730.0
2023-07-01,0501130R0AAAGAG,81213.0
2023-07-01,0212000B0AAADAD,498805.0
2023-07-01,0109040N0BDABAQ,288835.0
2023-07-01,0302000Z0BBAAAA,2881.0
2023-07-01,0103050P0AAAAAA,3273757.0
2023-07-01,0103050L0AAABAB,605046.0
2023-07-01,0601023ANAAABAB,82382.0
2023-07-01,0103050L0AAAAAA,860905.0
2023-07-01,0103010H0AAAAAA,117033.0
2023-07-01,0601012V0BBAEAD,6157.0
2023-07-01,0601023AEAAAAAA,94971.0
2023-07-01,0205051R0AAABAB,609934.0
2023-07-01,0208020Y0AAABAB,77555.0
2023-07-01,0407010H0AABGBG,1778384.0
2023-07-01,0803042W0BBAAAA,618.0
2023-07-01,0302000K0BHAAAM,1935.0
2023-07-01,0208020Z0AAABAB,611765.0
2023-07-01,0301011R0BIAFAP,22912.0
2023-07-01,0206020A0AAABAB,815239.0
2023-07-01,0602010V0AABXBX,779143.0
2023-07-01,0601011A0BBADAC,8943.0
2023-07-01,0601023AWBBACAC,864.0
2023-07-01,0601023AQBBABAB,3025.0
2023-07-01,0212000B0AAACAC,911896.0
2023-07-01,0403030D0AAAAAA,612074.0
2023-07-01,0403030Q0AAAAAA,758571.0
2023-07-01,0301040Y0BBAAAA,53560.0
2023-07-01,0602010V0AABZBZ,940563.0
2023-07-01,0704020AEAAABAB,91848.0
2023-07-01,0302000C0BQAABX,4592.0
2023-07-01,0602010V0AABWBW,775043.0
2023-07-01,0209000A0AAABAB,1115191.0
2023-07-01,0601012S0BGAFAI,14157.0
2023-07-01,0302000C0BQABBZ,1719.0
2023-07-01,0401010ADAACZCZ,49920.0
2023-07-01,0205052AEAAACAC,26011.0
2023-07-01,0206020A0AAAAAA,1399522.0
2023-07-01,0601023X0AAAAAA,59335.0
2023-07-01,0302000C0BUAABX,6963.0
2023-07-01,0302000AABBACAC,1190.0
2023-07-01,1404000H0AAAFAF,0.0
2023-08-01,0901020G0AAAGAG,714185.0
2023-08-01,0601023AGAAABAB,264616.0
2023-08-01,0407010F0AAAHAH,1295002.0
2023-08-01,0302000C0BRAABY,5559.0
2023-08-01,0913011V0BCAAAC,4402625.0
2023-08-01,0105010E0AAABAB,146574.0
2023-08-01,0604011L0BHABAX,42826.0
2023-08-01,0208020AAAAACAC,242947.0
2023-08-01,0208020Z0AAAAAA,215961.0
2023-08-01,21480000101,10598.0
2023-08-01,0208020Y0AAACAC,275371.0
2023-08-01,0209000C0AAAAAA,785003.0
2023-08-01,0704010U0AAAAAA,621184.0
2023-08-01,1404000H0AAANAN,0.0
2023-08-01,0204000H0AAAJAJ,701679.0
2023-08-01,0906040G0DGAADI,491400.0
2023-08-01,0302000AABBAAAA,4673.0
2023-08-01,0302000K0BDABAM,3715.0
2023-08-01,0208020AAAAABAB,133873.0
2023-08-01,0403010B0AAAGAG,1475924.0
2023-08-01,0601011A0BBABAB,11598.0
2023-08-01,0205051R0AAADAD,794326.0
2023-08-01,0407010H0AAAMAM,5524715.0
2023-08-01,0601023AKAAACAC,70354.0
2023-08-01,0601023ANAAAAAA,79434.0
2023-08-01,0212000B0AAABAB,2492771.0
2023-08-01,0301020Q0BBACAC,2368.0
2023-08-01,0601022B0AAABAB,2114869.0
2023-08-01,0304030C0BEABA3,1271.0
2023-08-01,0403030Q0AAABAB,664248.0
2023-08-01,0106040M0BCACAA,352295.0
2023-08-01,0301020Q0BCAAAD,80160.0
2023-08-01,0501130R0AAAGAG,85724.0
2023-08-01,0212000B0AAADAD,532928.0
2023-08-01,0109040N0BDABAQ,303648.0
2023-08-01,0302000Z0BBAAAA,3025.0
2023-08-01,0103050P0AAAAAA,3309648.0
2023-08-01,0103050L0AAABAB,615954.0
2023-08-01,0601023ANAAABAB,82353.0
2023-08-01,0103050L0AAAAAA,875636.0
2023-08-01,0103010H0AAAAAA,125192.0
2023-08-01,0601012V0BBAEAD,6542.0
2023-08-01,0601023AEAAAAAA,96389.0
2023-08-01,0205051R0AAABAB,625073.0
2023-08-01,0208020Y0AAABAB,75330.0
2023-08-01,0407010H0AABGBG,1897183.0
2023-08-01,0803042W0BBAAAA,605.0
2023-08-01,0302000K0BHAAAM,1929.0
2023-08-01,0208020Z0AAABAB,635846.0
2023-08-01,0301011R0BIAFAP,22241.0
2023-08-01,0206020A0AAABAB,829149.0
2023-08-01,0602010V0AABXBX,787050.0
2023-08-01,0601011A0BBADAC,8769.0
2023-08-01,0601023AWBBACAC,1261.0
2023-08-01,0601023AQBBABAB,2861.0
2023-08-01,0212000B0AAACAC,930140.0
2023-08-01,0403030D0AAAAAA,626014.0
2023-08-01,0403030Q0AAAAAA,763116.0
2023-08-01,0301040Y0BBAAAA,55790.0
2023-08-01,0602010V0AABZBZ,951367.0
2023-08-01,0704020AEAAABAB,94888.0
2023-08-01,0302000C0BQAABX,4533.0
2023-08-01,0602010V0AABWBW,781646.0
2023-08-01,0209000A0AAABAB,1159365.0
2023-08-01,0601012S0BGAFAI,13722.0
2023-08-01,0302000C0BQABBZ,1772.0
2023-08-01,0401010ADAACZCZ,49450.0
2023-08-01,0205052AEAAACAC,25785.0
2023-08-01,0206020A0AAAAAA,1450112.0
2023-08-01,0601023X0AAAAAA,59092.0
2023-08-01,0302000C0BUAABX,7201.0
2023-08-01,0302000AABBACAC,1256.0
2023-08-01,1404000H0AAAFAF,1.0
2023-09-01,0901020G0AAAGAG,694428.0
2023-09-01,0601023AGAAABAB,270411.0
2023-09-01,0407010F0AAAHAH,1260427.0
2023-09-01,0302000C0BRAABY,5448.0
2023-09-01,0913011V0BCAAAC,4338000.0
2023-09-01,0105010E0AAABAB,150339.0
2023-09-01,0604011L0BHABAX,42993.0
2023-09-01,0208020AAAAACAC,240671.0
2023-09-01,0208020Z0AAAAAA,211278.0
2023-09-01,21480000101,10536.0
2023-09-01,0208020Y0AAACAC,261980.0
2023-09-01,0209000C0AAAAAA,757947.0
2023-09-01,0704010U0AAAAAA,609524.0
2023-09-01,1404000H0AAANAN,54253.0
2023-09-01,0204000H0AAAJAJ,684673.0
2023-09-01,0906040G0DGAADI,481272.0
2023-09-01,0302000AABBAAAA,4460.0
2023-09-01,0302000K0BDABAM,3639.0
2023-09-01,0208020AAAAABAB,132423.0
2023-09-01,0403010B0AAAGAG,1427019.0
2023-09-01,0601011A0BBABAB,11380.0
2023-09-01,0205051R0AAADAD,769840.0
2023-09-01,0407010H0AAAMAM,5361454.0
2023-09-01,0601023AKAAACAC,69622.0
2023-09-01,0601023ANAAAAAA,79976.0
2023-09-01,0212000B0AAABAB,2457929.0
2023-09-01,0301020Q0BBACAC,2157.0
2023-09-01,0601022B0AAABAB,2039485.0
2023-09-01,0304030C0BEABA3,1331.0
2023-09-01,0403030Q0AAABAB,649635.0
2023-09-01,0106040M0BCACAA,345310.0
2023-09-01,0301020Q0BCAAAD,71670.0
2023-09-01,0501130R0AAAGAG,81947.0
2023-09-01,0212000B0AAADAD,513274.0
2023-09-01,0109040N0BDABAQ,185661.0
2023-09-01,0302000Z0BBAAAA,2888.0
2023-09-01,0103050P0AAAAAA,3185942.0
2023-09-01,0103050L0AAABAB,599925.0
2023-09-01,0601023ANAAABAB,83548.0
2023-09-01,0103050L0AAAAAA,847016.0
2023-09-01,0103010H0AAAAAA,125874.0
2023-09-01,0601012V0BBAEAD,6588.0
2023-09-01,0601023AEAAAAAA,94693.0
2023-09-01,0205051R0AAABAB,608417.0
2023-09-01,0208020Y0AAABAB,72656.0
2023-09-01,0407010H0AABGBG,1777384.0
2023-09-01,0803042W0BBAAAA,682.0
2023-09-01,0302000K0BHAAAM,1932.0
2023-09-01,0208020Z0AAABAB,617042.0
2023-09-01,0301011R0BIAFAP,22906.0
2023-09-01,0206020A0AAABAB,808426.0
2023-09-01,0602010V0AABXBX,764967.0
2023-09-01,0601011A0BBADAC,8353.0
2023-09-01,0601023AWBBACAC,1132.0
2023-09-01,0601023AQBBABAB,2751.0
2023-09-01,0212000B0AAACAC,920945.0
2023-09-01,0403030D0AAAAAA,602203.0
2023-09-01,0403030Q0AAAAAA,753461.0
2023-09-01,0301040Y0BBAAAA,52810.0
2023-09-01,0602010V0AABZBZ,929215.0
2023-09-01,0704020AEAAABAB,90493.0
2023-09-01,0302000C0BQAABX,4394.0
2023-09-01,0602010V0AABWBW,752785.0
2023-09-01,0209000A0AAABAB,1127709.0
2023-09-01,0601012S0BGAFAI,14197.0
2023-09-01,0302000C0BQABBZ,1716.0
2023-09-01,0401010ADAACZCZ,47893.0
2023-09-01,0205052AEAAACAC,29786.0
2023-09-01,0206020A0AAAAAA,1387991.0
2023-09-01,0601023X0AAAAAA,56782.0
2023-09-01,0302000C0BUAABX,7006.0
2023-09-01,0302000AABBACAC,1204.0
2023-09-01,1404000H0AAAFAF,15228.0
2023-10-01,0901020G0AAAGAG,707044.0
2023-10-01,0601023AGAAABAB,286768.0
2023-10-01,0407010F0AAAHAH,1263068.0
2023-10-01,0302000C0BRAABY,5817.0
2023-10-01,0913011V0BCAAAC,4547750.0
2023-10-01,0105010E0AAABAB,146685.0
2023-10-01,0604011L0BHABAX,44222.0
2023-10-01,0208020AAAAACAC,249992.0
2023-10-01,0208020Z0AAAAAA,221356.0
2023-10-01,21480000101,10796.0
2023-10-01,0208020Y0AAACAC,259477.0
2023-10-01,0209000C0AAAAAA,785021.0
2023-10-01,0704010U0AAAAAA,619871.0
2023-10-01,1404000H0AAANAN,100762.0
2023-10-01,0204000H0AAAJAJ,704678.0
2023-10-01,0906040G0DGAADI,488335.0
2023-10-01,0302000AABBAAAA,4628.0
2023-10-01,0302000K0BDABAM,3860.0
2023-10-01,0208020AAAAABAB,140826.0
2023-10-01,0403010B0AAAGAG,1473121.0
2023-10-01,0601011A0BBABAB,11282.0
2023-10-01,0205051R0AAADAD,781461.0
2023-10-01,0407010H0AAAMAM,5545039.0
2023-10-01,0601023AKAAACAC,71141.0
2023-10-01,0601023ANAAAAAA,79255.0
2023-10-01,0212000B0AAABAB,2519183.0
2023-10-01,0301020Q0BBACAC,2320.0
2023-10-01,0601022B0AAABAB,2063869.0
2023-10-01,0304030C0BEABA3,1036.0
2023-10-01,0403030Q0AAABAB,663836.0
2023-10-01,0106040M0BCACAA,359510.0
2023-10-01,0301020Q0BCAAAD,73590.0
2023-10-01,0501130R0AAAGAG,83751.0
2023-10-01,0212000B0AAADAD,565697.0
2023-10-01,0109040N0BDABAQ,366342.0
2023-10-01,0302000Z0BBAAAA,2966.0
2023-10-01,0103050P0AAAAAA,3263893.0
2023-10-01,0103050L0AAABAB,613139.0
2023-10-01,0601023ANAAABAB,84451.0
2023-10-01,0103050L0AAAAAA,870597.0
2023-10-01,0103010H0AAAAAA,133342.0
2023-10-01,0601012V0BBAEAD,6122.0
2023-10-01,0601023AEAAAAAA,98606.0
2023-10-01,0205051R0AAABAB,624988.0
2023-10-01,0208020Y0AAABAB,72320.0
2023-10-01,0407010H0AABGBG,2037114.0
2023-10-01,0803042W0BBAAAA,721.0
2023-10-01,0302000K0BHAAAM,2018.0
2023-10-01,0208020Z0AAABAB,619028.0
2023-10-01,0301011R0BIAFAP,24748.0
2023-10-01,0206020A0AAABAB,823307.0
2023-10-01,0602010V0AABXBX,776015.0
2023-10-01,0601011A0BBADAC,8831.0
2023-10-01,0601023AWBBACAC,1103.0
2023-10-01,0601023AQBBABAB,2856.0
2023-10-01,0212000B0AAACAC,944440.0
2023-10-01,0403030D0AAAAAA,605214.0
2023-10-01,0403030Q0AAAAAA,772606.0
2023-10-01,0301040Y0BBAAAA,52440.0
2023-10-01,0602010V0AABZBZ,943847.0
2023-10-01,0704020AEAAABAB,94658.0
2023-10-01,0302000C0BQAABX,4578.0
2023-10-01,0602010V0AABWBW,773025.0
2023-10-01,0209000A0AAABAB,1151446.0
2023-10-01,0601012S0BGAFAI,14294.0
2023-10-01,0302000C0BQABBZ,1709.0
2023-10-01,0401010ADAACZCZ,48660.0
2023-10-01,0205052AEAAACAC,31654.0
2023-10-01,0206020A0AAAAAA,1434860.0
2023-10-01,0601023X0AAAAAA,57565.0
2023-10-01,0302000C0BUAABX,7382.0
2023-10-01,0302000AABBACAC,1299.0
2023-10-01,1404000H0AAAFAF,32951.0
2023-11-01,0901020G0AAAGAG,727708.0
2023-11-01,0601023AGAAABAB,300600.0
2023-11-01,0407010F0AAAHAH,1275749.0
2023-11-01,0302000C0BRAABY,6011.0
2023-11-01,0913011V0BCAAAC,4570250.0
2023-11-01,0105010E0AAABAB,145881.0
2023-11-01,0604011L0BHABAX,44915.0
2023-11-01,0208020AAAAACAC,252997.0
2023-11-01,0208020Z0AAAAAA,220717.0
2023-11-01,21480000101,11326.0
2023-11-01,0208020Y0AAACAC,267913.0
2023-11-01,0209000C0AAAAAA,795248.0
2023-11-01,0704010U0AAAAAA,638465.0
2023-11-01,1404000H0AAANAN,15253.0
2023-11-01,0204000H0AAAJAJ,712471.0
2023-11-01,0906040G0DGAADI,504797.0
2023-11-01,0302000AABBAAAA,4725.0
2023-11-01,0302000K0BDABAM,4006.0
2023-11-01,0208020AAAAABAB,142021.0
2023-11-01,0403010B0AAAGAG,1491602.0
2023-11-01,0601011A0BBABAB,11704.0
2023-11-01,0205051R0AAADAD,795722.0
2023-11-01,0407010H0AAAMAM,5621054.0
2023-11-01,0601023AKAAACAC,75050.0
2023-11-01,0601023ANAAAAAA,80308.0
2023-11-01,0212000B0AAABAB,2548233.0
2023-11-01,0301020Q0BBACAC,2454.0
2023-11-01,0601022B0AAABAB,2099568.0
2023-11-01,0304030C0BEABA3,839.0
2023-11-01,0403030Q0AAABAB,673843.0
2023-11-01,0106040M0BCACAA,371900.0
2023-11-01,0301020Q0BCAAAD,63960.0
2023-11-01,0501130R0AAAGAG,80799.0
2023-11-01,0212000B0AAADAD,579870.0
2023-11-01,0109040N0BDABAQ,265018.0
2023-11-01,0302000Z0BBAAAA,3081.0
2023-11-01,0103050P0AAAAAA,3290955.0
2023-11-01,0103050L0AAABAB,627358.0
2023-11-01,0601023ANAAABAB,88002.0
2023-11-01,0103050L0AAAAAA,885025.0
2023-11-01,0103010H0AAAAAA,134526.0
2023-11-01,0601012V0BBAEAD,6592.0
2023-11-01,0601023AEAAAAAA,100051.0
2023-11-01,0205051R0AAABAB,632981.0
2023-11-01,0208020Y0AAABAB,74069.0
2023-11-01,0407010H0AABGBG,2029570.0
2023-11-01,0803042W0BBAAAA,662.0
2023-11-01,0302000K0BHAAAM,2014.0
2023-11-01,0208020Z0AAABAB,637714.0
2023-11-01,0301011R0BIAFAP,26154.0
2023-11-01,0206020A0AAABAB,845943.0
2023-11-01,0602010V0AABXBX,786507.0
2023-11-01,0601011A0BBADAC,9310.0
2023-11-01,0601023AWBBACAC,1232.0
2023-11-01,0601023AQBBABAB,2725.0
2023-11-01,0212000B0AAACAC,931529.0
2023-11-01,0403030D0AAAAAA,628324.0
2023-11-01,0403030Q0AAAAAA,782785.0
2023-11-01,0301040Y0BBAAAA,54000.0
2023-11-01,0602010V0AABZBZ,955978.0
2023-11-01,0704020AEAAABAB,100632.0
2023-11-01,0302000C0BQAABX,4753.0
2023-11-01,0602010V0AABWBW,777760.0
2023-11-01,0209000A0AAABAB,1164920.0
2023-11-01,0601012S0BGAFAI,14292.0
2023-11-01,0302000C0BQABBZ,1820.0
2023-11-01,0401010ADAACZCZ,50185.0
2023-11-01,0205052AEAAACAC,28242.0
2023-11-01,0206020A0AAAAAA,1464440.0
2023-11-01,0601023X0AAAAAA,59213.0
2023-11-01,0302000C0BUAABX,7466.0
2023-11-01,0302000AABBACAC,1326.0
2023-11-01,1404000H0AAAFAF,11545.0
2023-12-01,0901020G0AAAGAG,714602.0
2023-12-01,0601023AGAAABAB,309798.0
2023-12-01,0407010F0AAAHAH,1277920.0
2023-12-01,0302000C0BRAABY,6119.0
2023-12-01,0913011V0BCAAAC,4863375.0
2023-12-01,0105010E0AAABAB,153065.0
2023-12-01,0604011L0BHABAX,42058.0
2023-12-01,0208020AAAAACAC,254683.0
2023-12-01,0208020Z0AAAAAA,217626.0
2023-12-01,21480000101,11140.0
2023-12-01,0208020Y0AAACAC,265212.0
2023-12-01,0209000C0AAAAAA,784822.0
2023-12-01,0704010U0AAAAAA,630980.0
2023-12-01,1404000H0AAANAN,15099.0
2023-12-01,0204000H0AAAJAJ,715014.0
2023-12-01,0906040G0DGAADI,496384.0
2023-12-01,0302000AABBAAAA,4763.0
2023-12-01,0302000K0BDABAM,4019.0
2023-12-01,0208020AAAAABAB,138167.0
2023-12-01,0403010B0AAAGAG,1486167.0
2023-12-01,0601011A0BBABAB,12454.0
2023-12-01,0205051R0AAADAD,794034.0
2023-12-01,0407010H0AAAMAM,5624431.0
2023-12-01,0601023AKAAACAC,71135.0
2023-12-01,0601023ANAAAAAA,83259.0
2023-12-01,0212000B0AAABAB,2561627.0
2023-12-01,0301020Q0BBACAC,2410.0
2023-12-01,0601022B0AAABAB,2097540.0
2023-12-01,0304030C0BEABA3,793.0
2023-12-01,0403030Q0AAABAB,669896.0
2023-12-01,0106040M0BCACAA,365468.0
2023-12-01,0301020Q0BCAAAD,61470.0
2023-12-01,0501130R0AAAGAG,77558.0
2023-12-01,0212000B0AAADAD,595418.0
2023-12-01,0109040N0BDABAQ,291517.0
2023-12-01,0302000Z0BBAAAA,2999.0
2023-12-01,0103050P0AAAAAA,3286961.0
2023-12-01,0103050L0AAABAB,625899.0
2023-12-01,0601023ANAAABAB,87577.0
2023-12-01,0103050L0AAAAAA,880489.0
2023-12-01,0103010H0AAAAAA,138135.0
2023-12-01,0601012V0BBAEAD,6713.0
2023-12-01,0601023AEAAAAAA,100143.0
2023-12-01,0205051R0AAABAB,628970.0
2023-12-01,0208020Y0AAABAB,71285.0
2023-12-01,0407010H0AABGBG,1953594.0
2023-12-01,0803042W0BBAAAA,675.0
2023-12-01,0302000K0BHAAAM,2046.0
2023-12-01,0208020Z0AAABAB,646365.0
2023-12-01,0301011R0BIAFAP,25718.0
2023-12-01,0206020A0AAABAB,840613.0
2023-12-01,0602010V0AABXBX,782537.0
2023-12-01,0601011A0BBADAC,9172.0
2023-12-01,0601023AWBBACAC,599.0
2023-12-01,0601023AQBBABAB,2681.0
2023-12-01,0212000B0AAACAC,936292.0
2023-12-01,0403030D0AAAAAA,604589.0
2023-12-01,0403030Q0AAAAAA,769779.0
2023-12-01,0301040Y0BBAAAA,51730.0
2023-12-01,0602010V0AABZBZ,942241.0
2023-12-01,0704020AEAAABAB,100651.0
2023-12-01,0302000C0BQAABX,4891.0
2023-12-01,0602010V0AABWBW,774067.0
2023-12-01,0209000A0AAABAB,1149714.0
2023-12-01,0601012S0BGAFAI,14921.0
2023-12-01,0302000C0BQABBZ,1832.0
2023-12-01,0401010ADAACZCZ,51557.0
2023-12-01,0205052AEAAACAC,33249.0
2023-12-01,0206020A0AAAAAA,1464794.0
2023-12-01,0601023X0AAAAAA,58313.0
2023-12-01,0302000C0BUAABX,7257.0
2023-12-01,0302000AABBACAC,1432.0
2023-12-01,1404000H0AAAFAF,8008.0
2024-01-01,0901020G0AAAGAG,730625.0
2024-01-01,0601023AGAAABAB,327608.0
2024-01-01,0407010F0AAAHAH,1329844.0
2024-01-01,0302000C0BRAABY,6486.0
2024-01-01,0913011V0BCAAAC,5165125.0
2024-01-01,0105010E0AAABAB,148151.0
2024-01-01,0604011L0BHABAX,44039.0
2024-01-01,0208020AAAAACAC,263940.0
2024-01-01,0208020Z0AAAAAA,226009.0
2024-01-01,21480000101,12168.0
2024-01-01,0208020Y0AAACAC,275838.0
2024-01-01,0209000C0AAAAAA,808004.0
2024-01-01,0704010U0AAAAAA,654303.0
2024-01-01,1404000H0AAANAN,981.0
2024-01-01,0204000H0AAAJAJ,721924.0
2024-01-01,0906040G0DGAADI,522346.0
2024-01-01,0302000AABBAAAA,4888.0
2024-01-01,0302000K0BDABAM,4285.0
2024-01-01,0208020AAAAABAB,146080.0
2024-01-01,0403010B0AAAGAG,1552103.0
2024-01-01,0601011A0BBABAB,12119.0
2024-01-01,0205051R0AAADAD,813871.0
2024-01-01,0407010H0AAAMAM,5729213.0
2024-01-01,0601023AKAAACAC,73782.0
2024-01-01,0601023ANAAAAAA,83390.0
2024-01-01,0212000B0AAABAB,2658430.0
2024-01-01,0301020Q0BBACAC,2440.0
2024-01-01,0601022B0AAABAB,2103058.0
2024-01-01,0304030C0BEABA3,960.0
2024-01-01,0403030Q0AAABAB,697219.0
2024-01-01,0106040M0BCACAA,381177.0
2024-01-01,0301020Q0BCAAAD,57690.0
2024-01-01,0501130R0AAAGAG,78269.0
2024-01-01,0212000B0AAADAD,606153.0
2024-01-01,0109040N0BDABAQ,352735.0
2024-01-01,0302000Z0BBAAAA,3209.0
2024-01-01,0103050P0AAAAAA,3360466.0
2024-01-01,0103050L0AAABAB,654984.0
2024-01-01,0601023ANAAABAB,90648.0
2024-01-01,0103050L0AAAAAA,909790.0
2024-01-01,0103010H0AAAAAA,147584.0
2024-01-01,0601012V0BBAEAD,6357.0
2024-01-01,0601023AEAAAAAA,102265.0
2024-01-01,0205051R0AAABAB,650132.0
2024-01-01,0208020Y0AAABAB,70713.0
2024-01-01,0407010H0AABGBG,2040224.0
2024-01-01,0803042W0BBAAAA,691.0
2024-01-01,0302000K0BHAAAM,2017.0
2024-01-01,0208020Z0AAABAB,650765.0
2024-01-01,0301011R0BIAFAP,26289.0
2024-01-01,0206020A0AAABAB,876326.0
2024-01-01,0602010V0AABXBX,796191.0
2024-01-01,0601011A0BBADAC,9467.0
2024-01-01,0601023AWBBACAC,1173.0
2024-01-01,0601023AQBBABAB,2076.0
2024-01-01,0212000B0AAACAC,965700.0
2024-01-01,0403030D0AAAAAA,636205.0
2024-01-01,0403030Q0AAAAAA,805094.0
2024-01-01,0301040Y0BBAAAA,54750.0
2024-01-01,0602010V0AABZBZ,973932.0
2024-01-01,0704020AEAAABAB,100335.0
2024-01-01,0302000C0BQAABX,4954.0
2024-01-01,0602010V0AABWBW,792011.0
2024-01-01,0209000A0AAABAB,1179756.0
2024-01-01,0601012S0BGAFAI,14746.0
2024-01-01,0302000C0BQABBZ,1826.0
2024-01-01,0401010ADAACZCZ,55208.0
2024-01-01,0205052AEAAACAC,32793.0
2024-01-01,0206020A0AAAAAA,1494281.0
2024-01-01,0601023X0AAAAAA,59694.0
2024-01-01,0302000C0BUAABX,7554.0
2024-01-01,0302000AABBACAC,1487.0
2024-01-01,1404000H0AAAFAF,1420.0
2024-02-01,0901020G0AAAGAG,695184.0
2024-02-01,0601023AGAAABAB,315409.0
2024-02-01,0407010F0AAAHAH,1214639.0
2024-02-01,0302000C0BRAABY,5979.0
2024-02-01,0913011V0BCAAAC,4827375.0
2024-02-01,0105010E0AAABAB,122372.0
2024-02-01,0604011L0BHABAX,42278.0
2024-02-01,0208020AAAAACAC,250293.0
2024-02-01,0208020Z0AAAAAA,211132.0
2024-02-01,21480000101,11093.0
2024-02-01,0208020Y0AAACAC,252649.0
2024-02-01,0209000C0AAAAAA,753366.0
2024-02-01,0704010U0AAAAAA,622819.0
2024-02-01,1404000H0AAANAN,1002.0
2024-02-01,0204000H0AAAJAJ,688365.0
2024-02-01,0906040G0DGAADI,493377.0
2024-02-01,0302000AABBAAAA,4621.0
2024-02-01,0302000K0BDABAM,3963.0
2024-02-01,0208020AAAAABAB,134982.0
2024-02-01,0403010B0AAAGAG,1432771.0
2024-02-01,0601011A0BBABAB,10876.0
2024-02-01,0205051R0AAADAD,754717.0
2024-02-01,0407010H0AAAMAM,5301938.0
2024-02-01,0601023AKAAACAC,67403.0
2024-02-01,0601023ANAAAAAA,78639.0
2024-02-01,0212000B0AAABAB,2496096.0
2024-02-01,0301020Q0BBACAC,2187.0
2024-02-01,0601022B0AAABAB,1981762.0
2024-02-01,0304030C0BEABA3,1028.0
2024-02-01,0403030Q0AAABAB,646236.0
2024-02-01,0106040M0BCACAA,353723.0
2024-02-01,0301020Q0BCAAAD,53490.0
2024-02-01,0501130R0AAAGAG,71706.0
2024-02-01,0212000B0AAADAD,578861.0
2024-02-01,0109040N0BDABAQ,205138.0
2024-02-01,0302000Z0BBAAAA,3029.0
2024-02-01,0103050P0AAAAAA,3127658.0
2024-02-01,0103050L0AAABAB,605103.0
2024-02-01,0601023ANAAABAB,85967.0
2024-02-01,0103050L0AAAAAA,845145.0
2024-02-01,0103010H0AAAAAA,139831.0
2024-02-01,0601012V0BBAEAD,6018.0
2024-02-01,0601023AEAAAAAA,98445.0
2024-02-01,0205051R0AAABAB,607475.0
2024-02-01,0208020Y0AAABAB,67965.0
2024-02-01,0407010H0AABGBG,1905720.0
2024-02-01,0803042W0BBAAAA,653.0
2024-02-01,0302000K0BHAAAM,1937.0
2024-02-01,0208020Z0AAABAB,617576.0
2024-02-01,0301011R0BIAFAP,23781.0
2024-02-01,0206020A0AAABAB,817226.0
2024-02-01,0602010V0AABXBX,738286.0
2024-02-01,0601011A0BBADAC,8185.0
2024-02-01,0601023AWBBACAC,1026.0
2024-02-01,0601023AQBBABAB,1935.0
2024-02-01,0212000B0AAACAC,909072.0
2024-02-01,0403030D0AAAAAA,582803.0
2024-02-01,0403030Q0AAAAAA,744791.0
2024-02-01,0301040Y0BBAAAA,48890.0
2024-02-01,0602010V0AABZBZ,901286.0
2024-02-01,0704020AEAAABAB,99132.0
2024-02-01,0302000C0BQAABX,4558.0
2024-02-01,0602010V0AABWBW,735079.0
2024-02-01,0209000A0AAABAB,1096725.0
2024-02-01,0601012S0BGAFAI,14484.0
2024-02-01,0302000C0BQABBZ,1667.0
2024-02-01,0401010ADAACZCZ,46130.0
2024-02-01,0205052AEAAACAC,32545.0
2024-02-01,0206020A0AAAAAA,1419229.0
2024-02-01,0601023X0AAAAAA,56647.0
2024-02-01,0302000C0BUAABX,6776.0
2024-02-01,0302000AABBACAC,1476.0
2024-02-01,1404000H0AAAFAF,1396.0
2024-03-01,0901020G0AAAGAG,699721.0
2024-03-01,0601023AGAAABAB,337023.0
2024-03-01,0407010F0AAAHAH,1262999.0
2024-03-01,0302000C0BRAABY,6261.0
2024-03-01,0913011V0BCAAAC,4888250.0
2024-03-01,0105010E0AAABAB,83603.0
2024-03-01,0604011L0BHABAX,43421.0
2024-03-01,0208020AAAAACAC,257673.0
2024-03-01,0208020Z0AAAAAA,220341.0
2024-03-01,21480000101,11556.0
2024-03-01,0208020Y0AAACAC,264133.0
2024-03-01,0209000C0AAAAAA,778778.0
2024-03-01,0704010U0AAAAAA,634304.0
2024-03-01,1404000H0AAANAN,598.0
2024-03-01,0204000H0AAAJAJ,702301.0
2024-03-01,0906040G0DGAADI,506074.0
2024-03-01,0302000AABBAAAA,4836.0
2024-03-01,0302000K0BDABAM,4142.0
2024-03-01,0208020AAAAABAB,138773.0
2024-03-01,0403010B0AAAGAG,1476509.0
2024-03-01,0601011A0BBABAB,11849.0
2024-03-01,0205051R0AAADAD,785256.0
2024-03-01,0407010H0AAAMAM,5438616.0
2024-03-01,0601023AKAAACAC,72858.0
2024-03-01,0601023ANAAAAAA,83547.0
2024-03-01,0212000B0AAABAB,2633348.0
2024-03-01,0301020Q0BBACAC,2397.0
2024-03-01,0601022B0AAABAB,2060322.0
2024-03-01,0304030C0BEABA3,1159.0
2024-03-01,0403030Q0AAABAB,666769.0
2024-03-01,0106040M0BCACAA,360030.0
2024-03-01,0301020Q0BCAAAD,48900.0
2024-03-01,0501130R0AAAGAG,71016.0
2024-03-01,0212000B0AAADAD,597699.0
2024-03-01,0109040N0BDABAQ,232379.0
2024-03-01,0302000Z0BBAAAA,3135.0
2024-03-01,0103050P0AAAAAA,3212997.0
2024-03-01,0103050L0AAABAB,624727.0
2024-03-01,0601023ANAAABAB,89409.0
2024-03-01,0103050L0AAAAAA,875094.0
2024-03-01,0103010H0AAAAAA,150075.0
2024-03-01,0601012V0BBAEAD,6398.0
2024-03-01,0601023AEAAAAAA,101989.0
2024-03-01,0205051R0AAABAB,635438.0
2024-03-01,0208020Y0AAABAB,67251.0
2024-03-01,0407010H0AABGBG,1880290.0
2024-03-01,0803042W0BBAAAA,670.0
2024-03-01,0302000K0BHAAAM,1922.0
2024-03-01,0208020Z0AAABAB,656026.0
2024-03-01,0301011R0BIAFAP,24319.0
2024-03-01,0206020A0AAABAB,855197.0
2024-03-01,0602010V0AABXBX,763370.0
2024-03-01,0601011A0BBADAC,8662.0
2024-03-01,0601023AWBBACAC,1103.0
2024-03-01,0601023AQBBABAB,2352.0
2024-03-01,0212000B0AAACAC,948484.0
2024-03-01,0403030D0AAAAAA,607210.0
2024-03-01,0403030Q0AAAAAA,772309.0
2024-03-01,0301040Y0BBAAAA,49220.0
2024-03-01,0602010V0AABZBZ,924322.0
2024-03-01,0704020AEAAABAB,99406.0
2024-03-01,0302000C0BQAABX,4827.0
2024-03-01,0602010V0AABWBW,748752.0
2024-03-01,0209000A0AAABAB,1124523.0
2024-03-01,0601012S0BGAFAI,14676.0
2024-03-01,0302000C0BQABBZ,1732.0
2024-03-01,0401010ADAACZCZ,47734.0
2024-03-01,0205052AEAAACAC,34160.0
2024-03-01,0206020A0AAAAAA,1474345.0
2024-03-01,0601023X0AAAAAA,56724.0
2024-03-01,0302000C0BUAABX,6944.0
2024-03-01,0302000AABBACAC,1521.0
2024-03-01,1404000H0AAAFAF,395.0
2024-04-01,0901020G0AAAGAG,718779.0
2024-04-01,0601023AGAAABAB,354478.0
2024-04-01,0407010F0AAAHAH,1261241.0
2024-04-01,0302000C0BRAABY,6310.0
2024-04-01,0913011V0BCAAAC,5071625.0
2024-04-01,0105010E0AAABAB,46917.0
2024-04-01,0604011L0BHABAX,45667.0
2024-04-01,0208020AAAAACAC,260234.0
2024-04-01,0208020Z0AAAAAA,227525.0
2024-04-01,21480000101,12283.0
2024-04-01,0208020Y0AAACAC,251955.0
2024-04-01,0209000C0AAAAAA,788675.0
2024-04-01,0704010U0AAAAAA,659413.0
2024-04-01,1404000H0AAANAN,1848.0
2024-04-01,0204000H0AAAJAJ,716791.0
2024-04-01,0906040G0DGAADI,520767.0
2024-04-01,0302000AABBAAAA,4973.0
2024-04-01,0302000K0BDABAM,4229.0
2024-04-01,0208020AAAAABAB,141017.0
2024-04-01,0403010B0AAAGAG,1509832.0
2024-04-01,0601011A0BBABAB,11322.0
2024-04-01,0205051R0AAADAD,794279.0
2024-04-01,0407010H0AAAMAM,5572021.0
2024-04-01,0601023AKAAACAC,72361.0
2024-04-01,0601023ANAAAAAA,83691.0
2024-04-01,0212000B0AAABAB,2677372.0
2024-04-01,0301020Q0BBACAC,2309.0
2024-04-01,0601022B0AAABAB,2078105.0
2024-04-01,0304030C0BEABA3,1177.0
2024-04-01,0403030Q0AAABAB,683384.0
2024-04-01,0106040M0BCACAA,365872.0
2024-04-01,0301020Q0BCAAAD,49260.0
2024-04-01,0501130R0AAAGAG,71112.0
2024-04-01,0212000B0AAADAD,619140.0
2024-04-01,0109040N0BDABAQ,281002.0
2024-04-01,0302000Z0BBAAAA,3223.0
2024-04-01,0103050P0AAAAAA,3284267.0
2024-04-01,0103050L0AAABAB,632815.0
2024-04-01,0601023ANAAABAB,92165.0
2024-04-01,0103050L0AAAAAA,881951.0
2024-04-01,0103010H0AAAAAA,154891.0
2024-04-01,0601012V0BBAEAD,6569.0
2024-04-01,0601023AEAAAAAA,105963.0
2024-04-01,0205051R0AAABAB,641096.0
2024-04-01,0208020Y0AAABAB,66300.0
2024-04-01,0407010H0AABGBG,2013550.0
2024-04-01,0803042W0BBAAAA,695.0
2024-04-01,0302000K0BHAAAM,1988.0
2024-04-01,0208020Z0AAABAB,676063.0
2024-04-01,0301011R0BIAFAP,24315.0
2024-04-01,0206020A0AAABAB,872343.0
2024-04-01,0602010V0AABXBX,773749.0
2024-04-01,0601011A0BBADAC,9124.0
2024-04-01,0601023AWBBACAC,1095.0
2024-04-01,0601023AQBBABAB,1925.0
2024-04-01,0212000B0AAACAC,966345.0
2024-04-01,0403030D0AAAAAA,597974.0
2024-04-01,0403030Q0AAAAAA,776271.0
2024-04-01,0301040Y0BBAAAA,51300.0
2024-04-01,0602010V0AABZBZ,940899.0
2024-04-01,0704020AEAAABAB,105175.0
2024-04-01,0302000C0BQAABX,4789.0
2024-04-01,0602010V0AABWBW,768833.0
2024-04-01,0209000A0AAABAB,1144106.0
2024-04-01,0601012S0BGAFAI,16059.0
2024-04-01,0302000C0BQABBZ,1753.0
2024-04-01,0401010ADAACZCZ,51274.0
2024-04-01,0205052AEAAACAC,35140.0
2024-04-01,0206020A0AAAAAA,1508667.0
2024-04-01,0601023X0AAAAAA,57647.0
2024-04-01,0302000C0BUAABX,7156.0
2024-04-01,0302000AABBACAC,1590.0
2024-04-01,1404000H0AAAFAF,980.0
2024-05-01,0901020G0AAAGAG,747765.0
2024-05-01,0601023AGAAABAB,376241.0
2024-05-01,0407010F0AAAHAH,1293721.0
2024-05-01,0302000C0BRAABY,6558.0
2024-05-01,0913011V0BCAAAC,5147750.0
2024-05-01,0105010E0AAABAB,43130.0
2024-05-01,0604011L0BHABAX,45677.0
2024-05-01,0208020AAAAACAC,270725.0
2024-05-01,0208020Z0AAAAAA,237778.0
2024-05-01,21480000101,13237.0
2024-05-01,0208020Y0AAACAC,276684.0
2024-05-01,0209000C0AAAAAA,806851.0
2024-05-01,0704010U0AAAAAA,669053.0
2024-05-01,1404000H0AAANAN,630.0
2024-05-01,0204000H0AAAJAJ,741136.0
2024-05-01,0906040G0DGAADI,528621.0
2024-05-01,0302000AABBAAAA,5231.0
2024-05-01,0302000K0BDABAM,4468.0
2024-05-01,0208020AAAAABAB,144886.0
2024-05-01,0403010B0AAAGAG,1548652.0
2024-05-01,0601011A0BBABAB,11753.0
2024-05-01,0205051R0AAADAD,830073.0
2024-05-01,0407010H0AAAMAM,5693990.0
2024-05-01,0601023AKAAACAC,72709.0
2024-05-01,0601023ANAAAAAA,88725.0
2024-05-01,0212000B0AAABAB,2784229.0
2024-05-01,0301020Q0BBACAC,2344.0
2024-05-01,0601022B0AAABAB,2134574.0
2024-05-01,0304030C0BEABA3,1353.0
2024-05-01,0403030Q0AAABAB,708692.0
2024-05-01,0106040M0BCACAA,377037.0
2024-05-01,0301020Q0BCAAAD,46110.0
2024-05-01,0501130R0AAAGAG,69914.0
2024-05-01,0212000B0AAADAD,641294.0
2024-05-01,0109040N0BDABAQ,294234.0
2024-05-01,0302000Z0BBAAAA,3320.0
2024-05-01,0103050P0AAAAAA,3360998.0
2024-05-01,0103050L0AAABAB,654112.0
2024-05-01,0601023ANAAABAB,93411.0
2024-05-01,0103050L0AAAAAA,912385.0
2024-05-01,0103010H0AAAAAA,167415.0
2024-05-01,0601012V0BBAEAD,6582.0
2024-05-01,0601023AEAAAAAA,106333.0
2024-05-01,0205051R0AAABAB,666318.0
2024-05-01,0208020Y0AAABAB,69861.0
2024-05-01,0407010H0AABGBG,2081454.0
2024-05-01,0803042W0BBAAAA,768.0
2024-05-01,0302000K0BHAAAM,2020.0
2024-05-01,0208020Z0AAABAB,705796.0
2024-05-01,0301011R0BIAFAP,24782.0
2024-05-01,0206020A0AAABAB,909418.0
2024-05-01,0602010V0AABXBX,805166.0
2024-05-01,0601011A0BBADAC,9204.0
2024-05-01,0601023AWBBACAC,1087.0
2024-05-01,0601023AQBBABAB,1399.0
2024-05-01,0212000B0AAACAC,994842.0
2024-05-01,0403030D0AAAAAA,625958.0
2024-05-01,0403030Q0AAAAAA,808728.0
2024-05-01,0301040Y0BBAAAA,50980.0
2024-05-01,0602010V0AABZBZ,988940.0
2024-05-01,0704020AEAAABAB,107090.0
2024-05-01,0302000C0BQAABX,4941.0
2024-05-01,0602010V0AABWBW,790114.0
2024-05-01,0209000A0AAABAB,1175751.0
2024-05-01,0601012S0BGAFAI,16508.0
2024-05-01,0302000C0BQABBZ,1784.0
2024-05-01,0401010ADAACZCZ,54014.0
2024-05-01,0205052AEAAACAC,37175.0
2024-05-01,0206020A0AAAAAA,1555661.0
2024-05-01,0601023X0AAAAAA,59416.0
2024-05-01,0302000C0BUAABX,7189.0
2024-05-01,0302000AABBACAC,1716.0
2024-05-01,1404000H0AAAFAF,480.0
2024-06-01,0901020G0AAAGAG,703876.0
2024-06-01,0601023AGAAABAB,357119.0
2024-06-01,0407010F0AAAHAH,1216903.0
2024-06-01,0302000C0BRAABY,6341.0
2024-06-01,0913011V0BCAAAC,4993000.0
2024-06-01,0105010E0AAABAB,39036.0
2024-06-01,0604011L0BHABAX,42947.0
2024-06-01,0208020AAAAACAC,247820.0
2024-06-01,0208020Z0AAAAAA,221766.0
2024-06-01,21480000101,12235.0
2024-06-01,0208020Y0AAACAC,252208.0
2024-06-01,0209000C0AAAAAA,756217.0
2024-06-01,0704010U0AAAAAA,624992.0
2024-06-01,1404000H0AAANAN,0.0
2024-06-01,0204000H0AAAJAJ,690107.0
2024-06-01,0906040G0DGAADI,510902.0
2024-06-01,0302000AABBAAAA,4880.0
2024-06-01,0302000K0BDABAM,4101.0
2024-06-01,0208020AAAAABAB,133548.0
2024-06-01,0403010B0AAAGAG,1442128.0
2024-06-01,0601011A0BBABAB,11181.0
2024-06-01,0205051R0AAADAD,765844.0
2024-06-01,0407010H0AAAMAM,5387784.0
2024-06-01,0601023AKAAACAC,71432.0
2024-06-01,0601023ANAAAAAA,83955.0
2024-06-01,0212000B0AAABAB,2580245.0
2024-06-01,0301020Q0BBACAC,2197.0
2024-06-01,0601022B0AAABAB,1990609.0
2024-06-01,0304030C0BEABA3,1201.0
2024-06-01,0403030Q0AAABAB,656829.0
2024-06-01,0106040M0BCACAA,350922.0
2024-06-01,0301020Q0BCAAAD,40290.0
2024-06-01,0501130R0AAAGAG,65819.0
2024-06-01,0212000B0AAADAD,604544.0
2024-06-01,0109040N0BDABAQ,274060.0
2024-06-01,0302000Z0BBAAAA,3152.0
2024-06-01,0103050P0AAAAAA,3136016.0
2024-06-01,0103050L0AAABAB,607308.0
2024-06-01,0601023ANAAABAB,91801.0
2024-06-01,0103050L0AAAAAA,855310.0
2024-06-01,0103010H0AAAAAA,160122.0
2024-06-01,0601012V0BBAEAD,6044.0
2024-06-01,0601023AEAAAAAA,100148.0
2024-06-01,0205051R0AAABAB,616698.0
2024-06-01,0208020Y0AAABAB,64205.0
2024-06-01,0407010H0AABGBG,2074729.0
2024-06-01,0803042W0BBAAAA,711.0
2024-06-01,0302000K0BHAAAM,1827.0
2024-06-01,0208020Z0AAABAB,669586.0
2024-06-01,0301011R0BIAFAP,22614.0
2024-06-01,0206020A0AAABAB,832453.0
2024-06-01,0602010V0AABXBX,737725.0
2024-06-01,0601011A0BBADAC,8594.0
2024-06-01,0601023AWBBACAC,983.0
2024-06-01,0601023AQBBABAB,1235.0
2024-06-01,0212000B0AAACAC,927990.0
2024-06-01,0403030D0AAAAAA,577127.0
2024-06-01,0403030Q0AAAAAA,756212.0
2024-06-01,0301040Y0BBAAAA,47790.0
2024-06-01,0602010V0AABZBZ,896973.0
2024-06-01,0704020AEAAABAB,106705.0
2024-06-01,0302000C0BQAABX,4757.0
2024-06-01,0602010V0AABWBW,737125.0
2024-06-01,0209000A0AAABAB,1086827.0
2024-06-01,0601012S0BGAFAI,16383.0
2024-06-01,0302000C0BQABBZ,1609.0
2024-06-01,0401010ADAACZCZ,55860.0
2024-06-01,0205052AEAAACAC,35721.0
2024-06-01,0206020A0AAAAAA,1427381.0
2024-06-01,0601023X0AAAAAA,55660.0
2024-06-01,0302000C0BUAABX,6555.0
2024-06-01,0302000AABBACAC,1581.0
2024-06-01,1404000H0AAAFAF,1.0
2024-07-01,0901020G0AAAGAG,750794.0
2024-07-01,0601023AGAAABAB,402958.0
2024-07-01,0407010F0AAAHAH,1335566.0
2024-07-01,0302000C0BRAABY,6589.0
2024-07-01,0913011V0BCAAAC,5574375.0
2024-07-01,0105010E0AAABAB,43620.0
2024-07-01,0604011L0BHABAX,46783.0
2024-07-01,0208020AAAAACAC,268061.0
2024-07-01,0208020Z0AAAAAA,246392.0
2024-07-01,21480000101,13898.0
2024-07-01,0208020Y0AAACAC,268757.0
2024-07-01,0209000C0AAAAAA,817092.0
2024-07-01,0704010U0AAAAAA,671907.0
2024-07-01,1404000H0AAANAN,0.0
2024-07-01,0204000H0AAAJAJ,749237.0
2024-07-01,0906040G0DGAADI,536956.0
2024-07-01,0302000AABBAAAA,5276.0
2024-07-01,0302000K0BDABAM,4597.0
2024-07-01,0208020AAAAABAB,148467.0
2024-07-01,0403010B0AAAGAG,1553634.0
2024-07-01,0601011A0BBABAB,11870.0
2024-07-01,0205051R0AAADAD,824371.0
2024-07-01,0407010H0AAAMAM,5713587.0
2024-07-01,0601023AKAAACAC,73191.0
2024-07-01,0601023ANAAAAAA,90418.0
2024-07-01,0212000B0AAABAB,2809641.0
2024-07-01,0301020Q0BBACAC,2368.0
2024-07-01,0601022B0AAABAB,2146021.0
2024-07-01,0304030C0BEABA3,1311.0
2024-07-01,0403030Q0AAABAB,705232.0
2024-07-01,0106040M0BCACAA,382836.0
2024-07-01,0301020Q0BCAAAD,41730.0
2024-07-01,0501130R0AAAGAG,73037.0
2024-07-01,0212000B0AAADAD,666825.0
2024-07-01,0109040N0BDABAQ,301021.0
2024-07-01,0302000Z0BBAAAA,3367.0
2024-07-01,0103050P0AAAAAA,3354901.0
2024-07-01,0103050L0AAABAB,664507.0
2024-07-01,0601023ANAAABAB,97621.0
2024-07-01,0103050L0AAAAAA,917197.0
2024-07-01,0103010H0AAAAAA,176948.0
2024-07-01,0601012V0BBAEAD,6576.0
2024-07-01,0601023AEAAAAAA,108558.0
2024-07-01,0205051R0AAABAB,669196.0
2024-07-01,0208020Y0AAABAB,68355.0
2024-07-01,0407010H0AABGBG,2156137.0
2024-07-01,0803042W0BBAAAA,657.0
2024-07-01,0302000K0BHAAAM,2082.0
2024-07-01,0208020Z0AAABAB,722060.0
2024-07-01,0301011R0BIAFAP,23213.0
2024-07-01,0206020A0AAABAB,902518.0
2024-07-01,0602010V0AABXBX,801464.0
2024-07-01,0601011A0BBADAC,9500.0
2024-07-01,0601023AWBBACAC,1074.0
2024-07-01,0601023AQBBABAB,1644.0
2024-07-01,0212000B0AAACAC,1018398.0
2024-07-01,0403030D0AAAAAA,615546.0
2024-07-01,0403030Q0AAAAAA,819245.0
2024-07-01,0301040Y0BBAAAA,50090.0
2024-07-01,0602010V0AABZBZ,979166.0
2024-07-01,0704020AEAAABAB,107316.0
2024-07-01,0302000C0BQAABX,5030.0
2024-07-01,0602010V0AABWBW,795415.0
2024-07-01,0209000A0AAABAB,1177015.0
2024-07-01,0601012S0BGAFAI,17115.0
2024-07-01,0302000C0BQABBZ,1773.0
2024-07-01,0401010ADAACZCZ,51304.0
2024-07-01,0205052AEAAACAC,37009.0
2024-07-01,0206020A0AAAAAA,1551594.0
2024-07-01,0601023X0AAAAAA,58450.0
2024-07-01,0302000C0BUAABX,6986.0
2024-07-01,0302000AABBACAC,1743.0
2024-07-01,1404000H0AAAFAF,0.0
2024-08-01,0901020G0AAAGAG,721381.0
2024-08-01,0601023AGAAABAB,398734.0
2024-08-01,0407010F0AAAHAH,1264090.0
2024-08-01,0302000C0BRAABY,6485.0
2024-08-01,0913011V0BCAAAC,4836750.0
2024-08-01,0105010E0AAABAB,40010.0
2024-08-01,0604011L0BHABAX,46339.0
2024-08-01,0208020AAAAACAC,260691.0
2024-08-01,0208020Z0AAAAAA,247342.0
2024-08-01,21480000101,13326.0
2024-08-01,0208020Y0AAACAC,264791.0
2024-08-01,0209000C0AAAAAA,794211.0
2024-08-01,0704010U0AAAAAA,658316.0
2024-08-01,1404000H0AAANAN,2035.0
2024-08-01,0204000H0AAAJAJ,732078.0
2024-08-01,0906040G0DGAADI,535729.0
2024-08-01,0302000AABBAAAA,5112.0
2024-08-01,0302000K0BDABAM,4333.0
2024-08-01,0208020AAAAABAB,139975.0
2024-08-01,0403010B0AAAGAG,1501277.0
2024-08-01,0601011A0BBABAB,11020.0
2024-08-01,0205051R0AAADAD,800425.0
2024-08-01,0407010H0AAAMAM,5551887.0
2024-08-01,0601023AKAAACAC,71291.0
2024-08-01,0601023ANAAAAAA,87137.0
2024-08-01,0212000B0AAABAB,2764340.0
2024-08-01,0301020Q0BBACAC,2204.0
2024-08-01,0601022B0AAABAB,2079663.0
2024-08-01,0304030C0BEABA3,1370.0
2024-08-01,0403030Q0AAABAB,684267.0
2024-08-01,0106040M0BCACAA,364709.0
2024-08-01,0301020Q0BCAAAD,38730.0
2024-08-01,0501130R0AAAGAG,70411.0
2024-08-01,0212000B0AAADAD,647880.0
2024-08-01,0109040N0BDABAQ,292839.0
2024-08-01,0302000Z0BBAAAA,3319.0
2024-08-01,0103050P0AAAAAA,3247934.0
2024-08-01,0103050L0AAABAB,640335.0
2024-08-01,0601023ANAAABAB,93951.0
2024-08-01,0103050L0AAAAAA,890707.0
2024-08-01,0103010H0AAAAAA,173665.0
2024-08-01,0601012V0BBAEAD,6552.0
2024-08-01,0601023AEAAAAAA,105386.0
2024-08-01,0205051R0AAABAB,647463.0
2024-08-01,0208020Y0AAABAB,65958.0
2024-08-01,0407010H0AABGBG,2131371.0
2024-08-01,0803042W0BBAAAA,761.0
2024-08-01,0302000K0BHAAAM,1906.0
2024-08-01,0208020Z0AAABAB,709110.0
2024-08-01,0301011R0BIAFAP,21243.0
2024-08-01,0206020A0AAABAB,879445.0
2024-08-01,0602010V0AABXBX,782227.0
2024-08-01,0601011A0BBADAC,8670.0
2024-08-01,0601023AWBBACAC,939.0
2024-08-01,0601023AQBBABAB,1472.0
2024-08-01,0212000B0AAACAC,994150.0
2024-08-01,0403030D0AAAAAA,591736.0
2024-08-01,0403030Q0AAAAAA,777792.0
2024-08-01,0301040Y0BBAAAA,49730.0
2024-08-01,0602010V0AABZBZ,949088.0
2024-08-01,0704020AEAAABAB,110629.0
2024-08-01,0302000C0BQAABX,4735.0
2024-08-01,0602010V0AABWBW,774217.0
2024-08-01,0209000A0AAABAB,1145685.0
2024-08-01,0601012S0BGAFAI,17047.0
2024-08-01,0302000C0BQABBZ,1712.0
2024-08-01,0401010ADAACZCZ,50712.0
2024-08-01,0205052AEAAACAC,38389.0
2024-08-01,0206020A0AAAAAA,1498301.0
2024-08-01,0601023X0AAAAAA,57102.0
2024-08-01,0302000C0BUAABX,6733.0
2024-08-01,0302000AABBACAC,1738.0
2024-08-01,1404000H0AAAFAF,387.0
