unique_id,ds,y_hat,y_hat_lower,y_hat_upper
0103010H0AAAAAA,2024-09-01,181700.6470646783,174166.8243033936,189234.46982596302
0103010H0AAAAAA,2024-10-01,184849.0714161989,177287.40456416755,192410.73826823023
0103010H0AAAAAA,2024-11-01,188783.7989970955,179978.7039885762,197588.8940056148
0103010H0AAAAAA,2024-12-01,192718.5265779921,182825.06456325765,202611.98859272656
0103010H0AAAAAA,2025-01-01,196653.2541588887,185779.8240117394,207526.68430603802
0103010H0AAAAAA,2025-02-01,200587.98173978532,188815.88015625838,212360.08332331225
0103010H0AAAAAA,2025-03-01,204522.70932068193,191915.8354726251,217129.58316873875
0103050L0AAAAAA,2024-09-01,890672.0387377368,866054.6907393286,915289.3867361449
0103050L0AAAAAA,2024-10-01,882032.9996330763,853085.0929165805,910980.906349572
0103050L0AAAAAA,2024-11-01,909687.9151249918,879637.2016365131,939738.6286134705
0103050L0AAAAAA,2024-12-01,917295.6198409031,886181.1624446004,948410.0772372058
0103050L0AAAAAA,2025-01-01,915097.3186668766,882954.3017430403,947240.335590713
0103050L0AAAAAA,2025-02-01,856020.2822235718,822880.613926111,889159.9505210326
0103050L0AAAAAA,2025-03-01,931659.2045969929,897551.9957876309,965766.413406355
0103050L0AAABAB,2024-09-01,632359.0557361767,611005.673822434,653712.4376499193
0103050L0AAABAB,2024-10-01,648769.6299886963,627136.9231970417,670402.3367803509
0103050L0AAABAB,2024-11-01,656528.0016188734,634879.4891955196,678176.5140422273
0103050L0AAABAB,2024-12-01,670278.8021077131,645027.1449175685,695530.4592978576
0103050L0AAABAB,2025-01-01,681704.2881953608,656383.6362686667,707024.9401220549
0103050L0AAABAB,2025-02-01,633185.5834632388,607768.9592911436,658602.207635334
0103050L0AAABAB,2025-03-01,686221.8543960593,659333.0803095287,713110.6284825898
0103050P0AAAAAA,2024-09-01,3256897.4417966967,3157872.286083559,3355922.5975098344
0103050P0AAAAAA,2024-10-01,3230151.3217043527,3114277.4603023566,3346025.183106349
0103050P0AAAAAA,2024-11-01,3305467.6923724725,3184800.204161397,3426135.180583548
0103050P0AAAAAA,2024-12-01,3332814.433474128,3207536.607558562,3458092.2593896943
0103050P0AAAAAA,2025-01-01,3325641.2032554164,3195916.785272171,3455365.621238662
0103050P0AAAAAA,2025-02-01,3075917.7705889805,2941894.2070784816,3209941.3340994795
0103050P0AAAAAA,2025-03-01,3362724.072191925,3224535.047551711,3500913.0968321385
0105010E0AAABAB,2024-09-01,39542.00896310594,16998.542357777478,62085.4755684344
0105010E0AAABAB,2024-10-01,38309.989806316604,2805.448044692661,73814.53156794055
0105010E0AAABAB,2024-11-01,38309.989806316604,-11126.8573523679,87746.8369650011
0105010E0AAABAB,2024-12-01,38309.989806316604,-21918.169955371,98538.14956800421
0105010E0AAABAB,2025-01-01,38309.989806316604,-31050.37783665079,107670.357449284
0105010E0AAABAB,2025-02-01,38309.989806316604,-39112.81026482413,115732.78987745734
0105010E0AAABAB,2025-03-01,38309.989806316604,-46411.43217268506,123031.41178531827
0106040M0BCACAA,2024-09-01,365455.0343787846,328758.89770351513,402151.17105405405
0106040M0BCACAA,2024-10-01,371266.3748899537,332422.38892660406,410110.36085330334
0106040M0BCACAA,2024-11-01,367213.006496212,325342.570998649,409083.44199377496
0106040M0BCACAA,2024-12-01,367840.18815069326,320511.08396658744,415169.2923347991
0106040M0BCACAA,2025-01-01,368839.0946735826,318597.0182027663,419081.17114439886
0106040M0BCACAA,2025-02-01,367969.00034106197,314592.3925189958,421345.60816312814
0106040M0BCACAA,2025-03-01,368189.9933672713,311508.41722013213,424871.5695144105
0109040N0BDABAQ,2024-09-01,286204.0299570997,222992.2275531241,349415.8323610753
0109040N0BDABAQ,2024-10-01,286204.0299570997,221793.13206778193,350614.9278464175
0109040N0BDABAQ,2024-11-01,286204.0299570997,220615.95504513883,351792.10486906057
0109040N0BDABAQ,2024-12-01,286204.0299570997,219459.5367430086,352948.5231711908
0109040N0BDABAQ,2025-01-01,286204.0299570997,218322.81622196734,354085.24369223206
0109040N0BDABAQ,2025-02-01,286204.0299570997,217204.8199478279,355203.2399663715
0109040N0BDABAQ,2025-03-01,286204.0299570997,216104.65203081234,356303.40788338706
0204000H0AAAJAJ,2024-09-01,724419.60816209,706179.5374372958,742659.6788868841
0204000H0AAAJAJ,2024-10-01,743070.3659292076,720942.2250321159,765198.5068262994
0204000H0AAAJAJ,2024-11-01,749734.8606931799,727599.649734609,771870.0716517508
0204000H0AAAJAJ,2024-12-01,756638.0676074999,733151.9947111683,780124.1405038314
0204000H0AAAJAJ,2025-01-01,754764.0467760384,730798.1342424859,778729.9593095909
0204000H0AAAJAJ,2025-02-01,712254.2636892439,688285.9438461236,736222.5835323642
0204000H0AAAJAJ,2025-03-01,771327.9371700285,747114.8774170453,795540.9969230116
0205051R0AAABAB,2024-09-01,638839.1816619531,620910.2615587136,656768.1017651926
0205051R0AAABAB,2024-10-01,640787.6627514925,619668.2028129857,661907.1226899992
0205051R0AAABAB,2024-11-01,657672.9087394001,635772.8161165644,679573.0013622358
0205051R0AAABAB,2024-12-01,663591.9102746714,640938.0689738374,686245.7515755054
0205051R0AAABAB,2025-01-01,663515.5262206813,640132.2203278447,686898.8321135178
0205051R0AAABAB,2025-02-01,621793.9856039735,597703.2931425154,645884.6780654317
0205051R0AAABAB,2025-03-01,683580.3853446473,658802.4933425592,708358.2773467355
0205051R0AAADAD,2024-09-01,795399.2134207119,774260.290267782,816538.1365736418
0205051R0AAADAD,2024-10-01,789190.6235337249,763611.2971559162,814769.9499115336
0205051R0AAADAD,2024-11-01,813895.1689954598,787701.8698651316,840088.468125788
0205051R0AAADAD,2024-12-01,819138.6001329831,792345.3938911154,845931.8063748507
0205051R0AAADAD,2025-01-01,811281.6160821733,783901.6438011857,838661.588363161
0205051R0AAADAD,2025-02-01,758220.7107011209,730266.2859440981,786175.1354581437
0205051R0AAADAD,2025-03-01,830802.4118829585,802285.1040702555,859319.7196956614
0205052AEAAACAC,2024-09-01,38699.71364015508,36783.597250027015,40615.83003028315
0205052AEAAACAC,2024-10-01,39574.508663887034,37649.63272281188,41499.384604962186
0205052AEAAACAC,2024-11-01,40500.2305660875,38537.146006307594,42463.315125867404
0205052AEAAACAC,2024-12-01,41322.859087020406,39044.87153872204,43600.84663531877
0205052AEAAACAC,2025-01-01,42145.4876079533,39591.12789335582,44699.84732255078
0205052AEAAACAC,2025-02-01,42968.116128886206,40164.4970690076,45771.73518876481
0205052AEAAACAC,2025-03-01,43790.7446498191,40758.28589259408,46823.203407044115
0206020A0AAAAAA,2024-09-01,1493539.301024418,1451675.0847158544,1535403.5173329818
0206020A0AAAAAA,2024-10-01,1493503.011560018,1444764.4770044433,1542241.5461155926
0206020A0AAAAAA,2024-11-01,1537964.9215940456,1487048.2716933386,1588881.5714947525
0206020A0AAAAAA,2024-12-01,1557517.9613660693,1504512.624619687,1610523.2981124516
0206020A0AAAAAA,2025-01-01,1544917.2535415718,1489902.4717999015,1599932.0352832421
0206020A0AAAAAA,2025-02-01,1466414.519823902,1409461.1468195764,1523367.8928282277
0206020A0AAAAAA,2025-03-01,1601958.688800284,1543130.5732172052,1660786.8043833626
0206020A0AAABAB,2024-09-01,856446.7079429008,832220.473401305,880672.9424844966
0206020A0AAABAB,2024-10-01,875665.9696060668,849659.0011719493,901672.9380401843
0206020A0AAABAB,2024-11-01,898597.6673708028,872533.8760657554,924661.4586758503
0206020A0AAABAB,2024-12-01,898829.6848563184,869352.8472509105,928306.5224617263
0206020A0AAABAB,2025-01-01,916531.7321858443,887022.5690369143,946040.8953347744
0206020A0AAABAB,2025-02-01,862853.2624963432,833335.2924373703,892371.2325553162
0206020A0AAABAB,2025-03-01,937060.1688626349,906440.9550962315,967679.3826290383
0208020AAAAABAB,2024-09-01,142965.5990011719,131926.71502540202,154004.4829769418
0208020AAAAABAB,2024-10-01,145356.7217410425,132683.83528467658,158029.60819740844
0208020AAAAABAB,2024-11-01,147947.70627416988,129762.49780825875,166132.914740081
0208020AAAAABAB,2024-12-01,152010.289330259,127212.86446169237,176807.71419882562
0208020AAAAABAB,2025-01-01,156072.8723863481,126087.49672960892,186058.2480430873
0208020AAAAABAB,2025-02-01,160135.4554424372,125735.84459522952,194535.0662896449
0208020AAAAABAB,2025-03-01,164198.03849852632,125889.50551169833,202506.57148535433
0208020AAAAACAC,2024-09-01,261468.99787528184,245320.1430577235,277617.85269284016
0208020AAAAACAC,2024-10-01,259365.28274909977,241602.74995965936,277127.8155385402
0208020AAAAACAC,2024-11-01,260893.9833088466,235438.5937517027,286349.3728659905
0208020AAAAACAC,2024-12-01,264283.63004967157,229449.19230872812,299118.067790615
0208020AAAAACAC,2025-01-01,268626.6700660197,224785.2511309582,312468.0890010812
0208020AAAAACAC,2025-02-01,273458.14910712576,221397.61883879238,325518.67937545915
0208020AAAAACAC,2025-03-01,278539.8634782172,219034.01248272837,338045.7144737061
0208020Y0AAABAB,2024-09-01,64799.45119378135,57498.50053261529,72100.40185494741
0208020Y0AAABAB,2024-10-01,65165.17503775571,57782.010995286044,72548.33908022537
0208020Y0AAABAB,2024-11-01,64548.89223541717,56861.15664034993,72236.6278304844
0208020Y0AAABAB,2024-12-01,63740.02420507601,54968.08920769572,72511.95920245632
0208020Y0AAABAB,2025-01-01,62931.15617473485,53195.01686714138,72667.29548232834
0208020Y0AAABAB,2025-02-01,62122.28814439369,51509.18428004429,72735.3920087431
0208020Y0AAABAB,2025-03-01,61313.42011405254,49890.480971517034,72736.35925658804
0208020Y0AAACAC,2024-09-01,258862.77073376847,232704.8923473112,285020.64912022575
0208020Y0AAACAC,2024-10-01,260988.56812973527,234806.77175654174,287170.3645029288
0208020Y0AAACAC,2024-11-01,260519.87453221617,232612.9721925172,288426.77687191515
0208020Y0AAACAC,2024-12-01,258871.3627354994,227852.07782941376,289890.64764158503
0208020Y0AAACAC,2025-01-01,256686.34069972113,222095.31920506235,291277.3621943799
0208020Y0AAACAC,2025-02-01,254257.34612917984,216098.34727730366,292416.34498105606
0208020Y0AAACAC,2025-03-01,251717.40754790942,210153.26276411305,293281.5523317058
0208020Z0AAAAAA,2024-09-01,250488.88187079772,229987.03075502763,270990.7329865678
0208020Z0AAAAAA,2024-10-01,257150.0801678239,236395.5365166427,277904.6238190051
0208020Z0AAAAAA,2024-11-01,258362.74756023433,234669.83096875253,282055.6641517161
0208020Z0AAAAAA,2024-12-01,258362.74756023433,227483.4100546442,289242.0850658245
0208020Z0AAAAAA,2025-01-01,258362.74756023433,221678.79094487755,295046.7041755911
0208020Z0AAAAAA,2025-02-01,258362.74756023433,216674.71737013524,300050.7777503334
0208020Z0AAAAAA,2025-03-01,258362.74756023433,212210.05479693128,304515.4403235374
0208020Z0AAABAB,2024-09-01,689935.6320942068,633265.0046461908,746606.2595422227
0208020Z0AAABAB,2024-10-01,684630.103496857,624112.1833795096,745148.0236142044
0208020Z0AAABAB,2024-11-01,679986.6507702318,616679.6751108957,743293.626429568
0208020Z0AAABAB,2024-12-01,675922.6535965718,610559.726282408,741285.5809107355
0208020Z0AAABAB,2025-01-01,672365.8018313292,605470.7546582934,739260.849004365
0208020Z0AAABAB,2025-02-01,669252.8088986804,601207.4978317712,737298.1199655896
0208020Z0AAABAB,2025-03-01,666528.2857421575,597614.8654736684,735441.7060106465
0209000A0AAABAB,2024-09-01,1135594.6480805147,1101145.3165964996,1170043.9795645298
0209000A0AAABAB,2024-10-01,1136037.9285918854,1092982.3864979998,1179093.470685771
0209000A0AAABAB,2024-11-01,1165139.236761952,1121561.6265914217,1208716.8469324824
0209000A0AAABAB,2024-12-01,1166170.4485340528,1122076.9511523407,1210263.945915765
0209000A0AAABAB,2025-01-01,1153726.8765343584,1109123.4583410474,1198330.2947276693
0209000A0AAABAB,2025-02-01,1071145.151957858,1026037.5770096995,1116252.7269060162
0209000A0AAABAB,2025-03-01,1170394.2027688883,1124788.0439646207,1216000.361573156
0209000C0AAAAAA,2024-09-01,778200.0215564482,758663.5890461778,797736.4540667186
0209000C0AAAAAA,2024-10-01,798937.4502117096,774893.6071545946,822981.2932688246
0209000C0AAAAAA,2024-11-01,804978.6348167574,780886.5314782785,829070.7381552364
0209000C0AAAAAA,2024-12-01,810784.410680972,784420.2072582529,837148.6141036912
0209000C0AAAAAA,2025-01-01,813449.7920634295,786309.9479444737,840589.6361823853
0209000C0AAAAAA,2025-02-01,752044.7542413997,724863.7070835416,779225.8013992578
0209000C0AAAAAA,2025-03-01,820998.7719908982,793200.6702556884,848796.873726108
0212000B0AAABAB,2024-09-01,2753748.6258150386,2654940.886968547,2852556.36466153
0212000B0AAABAB,2024-10-01,2838180.7764411108,2738608.266354183,2937753.2865280383
0212000B0AAABAB,2024-11-01,2854677.8027726095,2752324.154330395,2957031.451214824
0212000B0AAABAB,2024-12-01,2907235.428886852,2783208.924163818,3031261.9336098866
0212000B0AAABAB,2025-01-01,2963326.957739566,2837352.791830313,3089301.123648819
0212000B0AAABAB,2025-02-01,2793298.77910125,2662845.649621184,2923751.9085813165
0212000B0AAABAB,2025-03-01,3052853.1880902024,2911366.521843528,3194339.854336877
0212000B0AAACAC,2024-09-01,978722.4528993795,949817.949607872,1007626.956190887
0212000B0AAACAC,2024-10-01,1006799.2498840631,977864.4640016765,1035734.0357664498
0212000B0AAACAC,2024-11-01,1007979.2485368395,979044.3393947999,1036914.1576788791
0212000B0AAACAC,2024-12-01,1014534.5404512961,979979.9139064699,1049089.1669961223
0212000B0AAACAC,2025-01-01,1025997.4305935757,991020.9895380024,1060973.871649149
0212000B0AAACAC,2025-02-01,967875.3149206011,932842.9455581626,1002907.6842830395
0212000B0AAACAC,2025-03-01,1046573.9188317367,1009173.1317009319,1083974.7059625415
0212000B0AAADAD,2024-09-01,648982.5278339839,603288.6579543174,694676.3977136504
0212000B0AAADAD,2024-10-01,655127.9371951282,608303.5845416557,701952.2898486006
0212000B0AAADAD,2024-11-01,661273.3465562726,613345.1684326092,709201.524679936
0212000B0AAADAD,2024-12-01,667418.7559174169,618411.6083255557,716425.9035092781
0212000B0AAADAD,2025-01-01,673564.1652785612,623501.2970833876,723627.0334737347
0212000B0AAADAD,2025-02-01,679709.5746397055,628612.7936377267,730806.3556416843
0212000B0AAADAD,2025-03-01,685854.9840008498,633744.7999136577,737965.1680880418
0301011R0BIAFAP,2024-09-01,21382.62665386848,18545.095952946333,24220.157354790626
0301011R0BIAFAP,2024-10-01,20845.995069459917,17329.306938917456,24362.68320000238
0301011R0BIAFAP,2024-11-01,20309.363485051355,15998.585578485445,24620.141391617268
0301011R0BIAFAP,2024-12-01,19772.731900642793,14572.307833930945,24973.155967354644
0301011R0BIAFAP,2025-01-01,19236.10031623423,13063.774491438548,25408.426141029915
0301011R0BIAFAP,2025-02-01,18699.46873182567,11482.260771721361,25916.676691929977
0301011R0BIAFAP,2025-03-01,18162.837147417107,9834.478235378074,26491.19605945614
0301020Q0BBACAC,2024-09-01,2129.0462081440896,1971.5278609488366,2286.564555339343
0301020Q0BBACAC,2024-10-01,2321.19953166128,2163.6811844659155,2478.717878856645
0301020Q0BBACAC,2024-11-01,2374.383600180571,2216.865252985095,2531.9019473760472
0301020Q0BBACAC,2024-12-01,2328.762492880988,2171.2441456854003,2486.2808400765753
0301020Q0BBACAC,2025-01-01,2286.0813290933725,2128.5629818976736,2443.5996762890713
0301020Q0BBACAC,2025-02-01,2057.375110327458,1899.8567631316478,2214.8934575232684
0301020Q0BBACAC,2025-03-01,2298.6389933354135,2141.120646139492,2456.157340531335
0301020Q0BCAAAD,2024-09-01,36361.66544204223,29033.696293794877,43689.63459028958
0301020Q0BCAAAD,2024-10-01,34820.4077468023,27314.204496533577,42326.610997071024
0301020Q0BCAAAD,2024-11-01,32953.72957262426,23780.475477160213,42126.9836680883
0301020Q0BCAAAD,2024-12-01,31087.051398446216,20506.215223287327,41667.887573605105
0301020Q0BCAAAD,2025-01-01,29220.373224268173,17398.376877155126,41042.36957138122
0301020Q0BCAAAD,2025-02-01,27353.69505009013,14409.001114088504,40298.388986091755
0301020Q0BCAAAD,2025-03-01,25487.0168759121,11509.513359104802,39464.5203927194
0301040Y0BBAAAA,2024-09-01,47714.81876275198,43503.24442204608,51926.39310345788
0301040Y0BBAAAA,2024-10-01,48242.02962962727,43664.24428186283,52819.81497739171
0301040Y0BBAAAA,2024-11-01,47923.74196430325,43257.071395039624,52590.41253356687
0301040Y0BBAAAA,2024-12-01,47605.45429897922,42851.56013588979,52359.34846206864
0301040Y0BBAAAA,2025-01-01,47287.166633655186,42447.620660562236,52126.71260674814
0301040Y0BBAAAA,2025-02-01,46968.878968331155,42045.170941091455,51892.586995570855
0301040Y0BBAAAA,2025-03-01,46650.591303007124,41644.13584536754,51657.04676064671
0302000AABBAAAA,2024-09-01,4958.742893625969,4753.384672610398,5164.10111464154
0302000AABBAAAA,2024-10-01,5168.762557034268,4959.5463643832,5377.978749685336
0302000AABBAAAA,2024-11-01,5212.578897053608,4997.852970819727,5427.304823287489
0302000AABBAAAA,2024-12-01,5334.17343292538,5076.669057575384,5591.677808275377
0302000AABBAAAA,2025-01-01,5355.467783722949,5090.71428558833,5620.221281857568
0302000AABBAAAA,2025-02-01,5055.865498959072,4782.162368521044,5329.5686293971
0302000AABBAAAA,2025-03-01,5449.030536884618,5153.27641322244,5744.784660546797
0302000AABBACAC,2024-09-01,1815.6105558804816,1691.5667259502147,1939.6543858107484
0302000AABBACAC,2024-10-01,1853.1562115272868,1713.6281185283906,1992.684304526183
0302000AABBACAC,2024-11-01,1910.13275241177,1742.4174932123808,2077.8480116111596
0302000AABBACAC,2024-12-01,1957.6856007644433,1772.3337560353727,2143.0374454935136
0302000AABBACAC,2025-01-01,2009.8088008971727,1805.572745223399,2214.044856570946
0302000AABBACAC,2025-02-01,2059.71544787699,1839.4666080411555,2279.9642877128244
0302000AABBACAC,2025-03-01,2110.6970904186637,1874.9525236243744,2346.441657212953
0302000C0BQAABX,2024-09-01,4633.5524033167085,3555.2168390364177,5711.887967596999
0302000C0BQAABX,2024-10-01,4615.396549143845,3466.133643609236,5764.659454678454
0302000C0BQAABX,2024-11-01,4599.225929212349,3255.27686615704,5943.174992267658
0302000C0BQAABX,2024-12-01,4584.823470012179,2931.3672213762725,6238.279718648086
0302000C0BQAABX,2025-01-01,4571.995833725427,2528.6744667453017,6615.317200705551
0302000C0BQAABX,2025-02-01,4560.570822870108,2076.8979884642868,7044.243657275929
0302000C0BQAABX,2025-03-01,4550.395068730669,1595.8762775127334,7504.913859948604
0302000C0BQABBZ,2024-09-01,1635.1183668923202,1354.8098530241223,1915.426880760518
0302000C0BQABBZ,2024-10-01,1600.50630689542,1281.0710648612258,1919.9415489296143
0302000C0BQABBZ,2024-11-01,1589.8314606554586,1131.7616338440434,2047.9012874668738
0302000C0BQABBZ,2024-12-01,1589.8314606554586,960.9340700559819,2218.7288512549353
0302000C0BQABBZ,2025-01-01,1589.8314606554586,827.4694144001237,2352.1935069107935
0302000C0BQABBZ,2025-02-01,1589.8314606554586,714.1146963769551,2465.548224933962
0302000C0BQABBZ,2025-03-01,1589.8314606554586,613.8377040636437,2565.8252172472735
0302000C0BRAABY,2024-09-01,6725.204077839051,6262.189649841106,7188.218505836996
0302000C0BRAABY,2024-10-01,6783.633900453431,6299.524178133054,7267.743622773808
0302000C0BRAABY,2024-11-01,6902.6656871119785,6342.717624149608,7462.613750074349
0302000C0BRAABY,2024-12-01,7021.697473770526,6395.022563481699,7648.372384059353
0302000C0BRAABY,2025-01-01,7140.729260429073,6453.778714060772,7827.679806797375
0302000C0BRAABY,2025-02-01,7259.761047087621,6517.412972983628,8002.109121191614
0302000C0BRAABY,2025-03-01,7378.792833746168,6584.903500717876,8172.68216677446
0302000C0BUAABX,2024-09-01,6686.314926015031,5868.85628548386,7503.773566546202
0302000C0BUAABX,2024-10-01,6644.215155177798,5363.329174179658,7925.101136175937
0302000C0BUAABX,2024-11-01,6606.250329308224,4892.716288777632,8319.784369838815
0302000C0BUAABX,2024-12-01,6572.014323395517,4435.950854234414,8708.07779255662
0302000C0BUAABX,2025-01-01,6541.1409011156,3987.6879474467696,9094.59385478443
0302000C0BUAABX,2025-02-01,6513.299797053858,3546.4815837876354,9480.11801032008
0302000C0BUAABX,2025-03-01,6488.193183723176,3112.116678317182,9864.26968912917
0302000K0BDABAM,2024-09-01,4401.707395457689,4045.90034517798,4757.514445737398
0302000K0BDABAM,2024-10-01,4428.533077459408,4056.2229942546255,4800.84316066419
0302000K0BDABAM,2024-11-01,4455.358759461126,4067.2467407305076,4843.470778191745
0302000K0BDABAM,2024-12-01,4482.184441462845,4078.8891648845533,4885.479718041136
0302000K0BDABAM,2025-01-01,4509.0101234645645,4091.082831776686,4926.937415152443
0302000K0BDABAM,2025-02-01,4535.835805466282,4103.771733638076,4967.899877294489
0302000K0BDABAM,2025-03-01,4562.661487468002,4116.908749740039,5008.414225195965
0302000K0BHAAAM,2024-09-01,1971.3650349789416,1860.9825507979344,2081.7475191599488
0302000K0BHAAAM,2024-10-01,2019.3195366115415,1901.8649641780307,2136.7741090450522
0302000K0BHAAAM,2024-11-01,2045.9366872889966,1927.8360468058454,2164.037327772148
0302000K0BHAAAM,2024-12-01,2092.6505418877655,1970.6576186504954,2214.6434651250356
0302000K0BHAAAM,2025-01-01,2073.2114082684298,1945.772520979335,2200.6502955575247
0302000K0BHAAAM,2025-02-01,1888.7220899158235,1755.4409608180274,2022.0032190136196
0302000K0BHAAAM,2025-03-01,2079.8376096277057,1940.7470786126528,2218.9281406427585
0302000Z0BBAAAA,2024-09-01,3245.2112615937644,3128.884376190884,3361.538146996645
0302000Z0BBAAAA,2024-10-01,3359.4832833831915,3241.4789253795043,3477.4876413868787
0302000Z0BBAAAA,2024-11-01,3431.324132889436,3309.758056837176,3552.890208941696
0302000Z0BBAAAA,2024-12-01,3442.4681198735225,3296.9129376292726,3588.0233021177723
0302000Z0BBAAAA,2025-01-01,3537.7432783091,3388.674440145558,3686.8121164726417
0302000Z0BBAAAA,2025-02-01,3344.7037557648678,3190.09788950451,3499.3096220252255
0302000Z0BBAAAA,2025-03-01,3610.1467179928013,3443.2865939287585,3777.006842056844
0304030C0BEABA3,2024-09-01,1144.7410416037824,967.5449317132993,1321.9371514942654
0304030C0BEABA3,2024-10-01,1053.3633897279583,852.3792223191297,1254.347557136787
0304030C0BEABA3,2024-11-01,905.302243333021,700.312656529578,1110.2918301364641
0304030C0BEABA3,2024-12-01,808.6540490747282,576.5866601247499,1040.7214380247065
0304030C0BEABA3,2025-01-01,1009.6055381669902,754.67347345576,1264.5376028782202
0304030C0BEABA3,2025-02-01,1051.6777082632725,786.9927867987516,1316.3626297277933
0304030C0BEABA3,2025-03-01,1242.943426530593,963.7426560861421,1522.1441969750435
0401010ADAACZCZ,2024-09-01,51173.52972547087,44216.6072870171,58130.452163924645
0401010ADAACZCZ,2024-10-01,50945.80371482927,43963.06306849639,57928.54436116215
0401010ADAACZCZ,2024-11-01,51134.731698679556,43455.518305310696,58813.945092048416
0401010ADAACZCZ,2024-12-01,51048.11402124201,43349.467405311436,58746.76063717258
0401010ADAACZCZ,2025-01-01,51126.02135408215,43284.28103117861,58967.76167698569
0401010ADAACZCZ,2025-02-01,51093.59696124824,43242.865231793665,58944.32869070281
0401010ADAACZCZ,2025-03-01,51126.00726395405,43243.57040327946,59008.444124628644
0403010B0AAAGAG,2024-09-01,1494243.580938855,1452550.0805905561,1535937.0812871538
0403010B0AAAGAG,2024-10-01,1533211.95346592,1484914.92155962,1581508.98537222
0403010B0AAAGAG,2024-11-01,1552323.650888376,1503497.81135168,1601149.490425072
0403010B0AAAGAG,2024-12-01,1563970.0979829,1511489.715698104,1616450.480267696
0403010B0AAAGAG,2025-01-01,1583320.2976930386,1530430.851558766,1636209.743827311
0403010B0AAAGAG,2025-02-01,1469687.1021442458,1416511.822733921,1522862.3815545705
0403010B0AAAGAG,2025-03-01,1604907.5754431458,1551093.8902116,1658721.2606746915
0403030D0AAAAAA,2024-09-01,588524.077096301,565054.874923832,611993.27926877
0403030D0AAAAAA,2024-10-01,601556.8742137691,577969.9590798719,625143.7893476663
0403030D0AAAAAA,2024-11-01,616502.9224207897,592453.3392729608,640552.5055686187
0403030D0AAAAAA,2024-12-01,614874.992932327,587931.4587594093,641818.5271052447
0403030D0AAAAAA,2025-01-01,616645.132872123,587089.6660703613,646200.5996738848
0403030D0AAAAAA,2025-02-01,571626.20857684,539671.5969845691,603580.8201691109
0403030D0AAAAAA,2025-03-01,628672.2324490859,594486.4344306727,662858.0304674992
0403030Q0AAAAAA,2024-09-01,780324.8322731697,757791.9897086611,802857.6748376782
0403030Q0AAAAAA,2024-10-01,796481.9442086307,772384.9141999877,820578.9742172738
0403030Q0AAAAAA,2024-11-01,811219.409647361,786934.8245031841,835503.994791538
0403030Q0AAAAAA,2024-12-01,802614.8328467425,775985.1054793382,829244.5602141467
0403030Q0AAAAAA,2025-01-01,822071.3971317689,795441.0993531353,848701.6949104024
0403030Q0AAAAAA,2025-02-01,766921.4226637979,740251.8661217182,793590.9792058775
0403030Q0AAAAAA,2025-03-01,833523.4493187768,806310.7902487147,860736.1083888389
0403030Q0AAABAB,2024-09-01,681509.5346288402,661919.5920309953,701099.477226685
0403030Q0AAABAB,2024-10-01,689773.6305817832,668940.3583560991,710606.9028074674
0403030Q0AAABAB,2024-11-01,702860.6799325412,681924.7564503158,723796.6034147666
0403030Q0AAABAB,2024-12-01,705002.1434799283,681539.9638159272,728464.3231439294
0403030Q0AAABAB,2025-01-01,716816.6954254054,693353.0589533623,740280.3318974485
0403030Q0AAABAB,2025-02-01,666821.8169372636,643337.0181948891,690306.6156796381
0403030Q0AAABAB,2025-03-01,722773.6308643636,698563.4238832793,746983.8378454479
0407010F0AAAHAH,2024-09-01,1255840.2161960115,1212541.6278472915,1299138.8045447315
0407010F0AAAHAH,2024-10-01,1260554.901798389,1213967.6005156718,1307142.203081106
0407010F0AAAHAH,2024-11-01,1283017.442656802,1235712.3043772292,1330322.5809363748
0407010F0AAAHAH,2024-12-01,1281780.3737721478,1233120.4387231225,1330440.3088211732
0407010F0AAAHAH,2025-01-01,1288227.3957153661,1239571.1916079032,1336883.599822829
0407010F0AAAHAH,2025-02-01,1193561.85389148,1144817.3042565037,1242306.4035264563
0407010F0AAAHAH,2025-03-01,1302579.7005098448,1253765.6141193267,1351393.786900363
0407010H0AAAMAM,2024-09-01,5541701.6074353205,5391628.056288394,5691775.158582247
0407010H0AAAMAM,2024-10-01,5573017.546196596,5392734.54758111,5753300.544812081
0407010H0AAAMAM,2024-11-01,5726875.496465837,5541732.912925983,5912018.08000569
0407010H0AAAMAM,2024-12-01,5788211.430544969,5598333.593792408,5978089.26729753
0407010H0AAAMAM,2025-01-01,5715265.760710222,5520767.921288153,5909763.60013229
0407010H0AAAMAM,2025-02-01,5305178.215622989,5106167.597338756,5504188.833907223
0407010H0AAAMAM,2025-03-01,5746151.916775358,5542728.607295117,5949575.2262555985
0407010H0AABGBG,2024-09-01,2122357.703012805,1970699.1313732308,2274016.274652379
0407010H0AABGBG,2024-10-01,2137329.172671417,1978081.8723880327,2296576.472954801
0407010H0AABGBG,2024-11-01,2162029.1389584853,2000822.3400724423,2323235.9378445284
0407010H0AABGBG,2024-12-01,2180123.992618292,2017062.1213381025,2343185.8638984817
0407010H0AABGBG,2025-01-01,2202703.353441436,2039441.0660858,2365965.6407970716
0407010H0AABGBG,2025-02-01,2222237.9812474595,2058443.6468989658,2386032.3155959533
0407010H0AABGBG,2025-03-01,2243839.814837283,2080098.7918708352,2407580.8378037307
0501130R0AAAGAG,2024-09-01,74401.31886311887,70028.89148680995,78773.74623942778
0501130R0AAAGAG,2024-10-01,75279.47246094962,70625.43872450411,79933.50619739512
0501130R0AAAGAG,2024-11-01,75229.70571024258,70310.15909710329,80149.25232338186
0501130R0AAAGAG,2024-12-01,71681.29290151833,66509.84748096834,76852.73832206833
0501130R0AAAGAG,2025-01-01,71252.67756492576,65841.04596284818,76664.30916700335
0501130R0AAAGAG,2025-02-01,63194.77967225932,57553.17835211253,68836.3809924061
0501130R0AAAGAG,2025-03-01,67721.84966955807,61859.29269206444,73584.4066470517
0601011A0BBABAB,2024-09-01,11508.606009301651,10748.605986694944,12268.606031908359
0601011A0BBABAB,2024-10-01,11466.83077249715,10578.555172362552,12355.106372631746
0601011A0BBABAB,2024-11-01,11296.897551286855,10396.110043123275,12197.685059450434
0601011A0BBABAB,2024-12-01,12355.60673588359,11453.685538945061,13257.527932822119
0601011A0BBABAB,2025-01-01,11453.774571074744,10551.797234179845,12355.751907969643
0601011A0BBABAB,2025-02-01,10705.076393528516,9803.09738985409,11607.055397202941
0601011A0BBABAB,2025-03-01,11967.510019558418,11065.512798749673,12869.507240367164
0601011A0BBADAC,2024-09-01,8654.636125697849,8133.590663304573,9175.681588091124
0601011A0BBADAC,2024-10-01,8728.659373446973,8205.238256163862,9252.080490730084
0601011A0BBADAC,2024-11-01,8814.919649412464,8291.468168887186,9338.371129937743
0601011A0BBADAC,2024-12-01,9495.73395146264,8821.644547270651,10169.82335565463
0601011A0BBADAC,2025-01-01,9263.6562621875,8589.56685799551,9937.74566637949
0601011A0BBADAC,2025-02-01,8116.806041613249,7442.71663742126,8790.895445805238
0601011A0BBADAC,2025-03-01,9265.02544771077,8590.936043518781,9939.11485190276
0601012S0BGAFAI,2024-09-01,17173.453420929833,16061.810837139405,18285.09600472026
0601012S0BGAFAI,2024-10-01,17527.253448929514,16332.448205592176,18722.05869226685
0601012S0BGAFAI,2024-11-01,17659.372009111663,16409.5993334843,18909.144684739025
0601012S0BGAFAI,2024-12-01,17827.737466501007,16395.027231451477,19260.447701550536
0601012S0BGAFAI,2025-01-01,18069.78921266272,16542.556839298828,19597.02158602661
0601012S0BGAFAI,2025-02-01,18251.54529356103,16647.98993626168,19855.10065086038
0601012S0BGAFAI,2025-03-01,18438.04723705537,16730.370688737697,20145.72378537304
0601012V0BBAEAD,2024-09-01,6469.191921381647,6207.770046955965,6730.61379580733
0601012V0BBAEAD,2024-10-01,6331.711075558365,6054.710849092265,6608.711302024466
0601012V0BBAEAD,2024-11-01,6510.168781942973,6231.911909243079,6788.425654642866
0601012V0BBAEAD,2024-12-01,6845.08843226058,6551.98732166134,7138.18954285982
0601012V0BBAEAD,2025-01-01,6502.191806107608,6201.38574639557,6802.997865819645
0601012V0BBAEAD,2025-02-01,5940.070491524763,5637.594386069795,6242.5465969797315
0601012V0BBAEAD,2025-03-01,6676.456190495948,6372.919615473218,6979.992765518678
0601022B0AAABAB,2024-09-01,2034804.4619795699,1987392.708027125,2082216.2159320146
0601022B0AAABAB,2024-10-01,2056784.2814509023,1993823.7875195355,2119744.775382269
0601022B0AAABAB,2024-11-01,2090422.5626391314,2026717.0339204224,2154128.0913578407
0601022B0AAABAB,2024-12-01,2117223.9252060037,2045765.9586072424,2188681.891804765
0601022B0AAABAB,2025-01-01,2082097.7892876067,2010639.8226888455,2153555.755886368
0601022B0AAABAB,2025-02-01,1949114.3668907606,1877656.4002919993,2020572.3334895219
0601022B0AAABAB,2025-03-01,2136030.646112989,2064572.679514228,2207488.6127117504
0601023AEAAAAAA,2024-09-01,108057.95052025153,102736.36322536094,113379.53781514212
0601023AEAAAAAA,2024-10-01,107906.44677534961,101990.96216407759,113821.93138662164
0601023AEAAAAAA,2024-11-01,108416.16736064246,102010.18904052919,114822.14568075573
0601023AEAAAAAA,2024-12-01,108925.8879459353,102064.38969195852,115787.38619991209
0601023AEAAAAAA,2025-01-01,109435.60853122815,102147.00384028137,116724.21322217493
0601023AEAAAAAA,2025-02-01,109945.329116521,102253.29697979297,117637.36125324902
0601023AEAAAAAA,2025-03-01,110455.04970181384,102379.71946435471,118530.37993927297
0601023AGAAABAB,2024-09-01,416273.3331636125,398624.76097888296,433921.9053483421
0601023AGAAABAB,2024-10-01,421959.79504891136,402567.5095364327,441352.08056139003
0601023AGAAABAB,2024-11-01,434101.635643165,410602.7962356108,457600.47505071916
0601023AGAAABAB,2024-12-01,442727.71087579936,417022.01281928894,468433.4089323098
0601023AGAAABAB,2025-01-01,453268.56239581335,424911.1573785509,481625.9674130758
0601023AGAAABAB,2025-02-01,462766.5774766451,432304.0395720813,493229.11538120895
0601023AGAAABAB,2025-03-01,472832.54811764025,440240.33589261206,505424.76034266845
0601023AKAAACAC,2024-09-01,74018.70660280433,71305.20240466921,76732.21080093946
0601023AKAAACAC,2024-10-01,72784.32771983325,70068.01334388534,75500.64209578116
0601023AKAAACAC,2024-11-01,76196.75449453012,73448.35920366518,78945.14978539506
0601023AKAAACAC,2024-12-01,74062.50946068272,71052.85113058917,77072.16779077626
0601023AKAAACAC,2025-01-01,73122.82153338932,69872.83540219515,76372.80766458348
0601023AKAAACAC,2025-02-01,69324.20183843459,65850.47524556529,72797.92843130388
0601023AKAAACAC,2025-03-01,75521.90289566311,71837.99966253384,79205.80612879238
0601023ANAAAAAA,2024-09-01,87004.88766984265,84098.9668506556,89910.80848902969
0601023ANAAAAAA,2024-10-01,90363.77137209366,87128.74515167513,93598.79759251219
0601023ANAAAAAA,2024-11-01,89635.40577230783,86396.56768404487,92874.24386057079
0601023ANAAAAAA,2024-12-01,92836.78614713288,88855.91152615436,96817.6607681114
0601023ANAAAAAA,2025-01-01,91973.69410779714,87368.84304246193,96578.54517313236
0601023ANAAAAAA,2025-02-01,88187.90706510076,83034.07898105617,93341.73514914536
0601023ANAAAAAA,2025-03-01,96516.5688061178,90866.85779529123,102166.27981694436
0601023ANAAABAB,2024-09-01,95655.19564836546,92863.41071976541,98446.98057696552
0601023ANAAABAB,2024-10-01,96026.64716313693,93218.30952971891,98834.98479655496
0601023ANAAABAB,2024-11-01,98573.19078277513,95614.99185049794,101531.38971505231
0601023ANAAABAB,2024-12-01,100635.24973945756,97177.61619938735,104092.88327952777
0601023ANAAABAB,2025-01-01,101539.61142326028,98018.19254108013,105061.03030544044
0601023ANAAABAB,2025-02-01,97417.20710175131,93704.20798944992,101130.2062140527
0601023ANAAABAB,2025-03-01,104520.08405125313,100564.92405871097,108475.24404379529
0601023AQBBABAB,2024-09-01,1496.1383537505437,822.0149863412032,2170.2617211598845
0601023AQBBABAB,2024-10-01,1496.1383537505437,671.8654908899351,2320.411216611152
0601023AQBBABAB,2024-11-01,1496.1383537505437,545.1340475512823,2447.1426599498054
0601023AQBBABAB,2024-12-01,1496.1383537505437,433.40949445921297,2558.8672130418745
0601023AQBBABAB,2025-01-01,1496.1383537505437,332.3617143855113,2659.914993115576
0601023AQBBABAB,2025-02-01,1496.1383537505437,239.41264609080008,2752.8640614102874
0601023AQBBABAB,2025-03-01,1496.1383537505437,152.88002332634755,2839.3966841747397
0601023AWBBACAC,2024-09-01,1039.0736740312275,791.9066379867235,1286.2407100757316
0601023AWBBACAC,2024-10-01,1029.9207514937489,765.5909971082624,1294.2505058792353
0601023AWBBACAC,2024-11-01,1061.3569966518442,770.3444753403991,1352.3695179632891
0601023AWBBACAC,2024-12-01,1070.0811023355961,768.5819833771438,1371.5802212940484
0601023AWBBACAC,2025-01-01,1084.3532031073314,774.2970665256279,1394.4093396890348
0601023AWBBACAC,2025-02-01,1092.8063687131907,777.9244107811558,1407.6883266452257
0601023AWBBACAC,2025-03-01,1100.988878348854,782.7574618562228,1419.2202948414854
0601023X0AAAAAA,2024-09-01,56517.352954354275,52229.28215428113,60805.42375442742
0601023X0AAAAAA,2024-10-01,57019.30469758384,52417.034823480455,61621.57457168722
0601023X0AAAAAA,2024-11-01,56697.80139303567,51769.53163975015,61626.071146321185
0601023X0AAAAAA,2024-12-01,56376.2980884875,51142.29412133022,61610.30205564478
0601023X0AAAAAA,2025-01-01,56054.79478393933,50531.95563226313,61577.63393561553
0601023X0AAAAAA,2025-02-01,55733.29147939116,49935.989774084046,61530.59318469828
0601023X0AAAAAA,2025-03-01,55411.78817484299,49352.443174809894,61471.13317487609
0602010V0AABWBW,2024-09-01,763747.9354358917,742462.444923291,785033.4259484925
0602010V0AABWBW,2024-10-01,769496.8103130674,744735.4357939988,794258.184832136
0602010V0AABWBW,2024-11-01,776903.970031308,750269.6687873321,803538.2712752839
0602010V0AABWBW,2024-12-01,786536.1389556432,756957.1078169881,816115.1700942982
0602010V0AABWBW,2025-01-01,777808.4715228123,748229.4403841572,807387.5026614673
0602010V0AABWBW,2025-02-01,720410.62558858,690831.594449925,749989.6567272351
0602010V0AABWBW,2025-03-01,786228.2970036663,756649.2658650113,815807.3281423213
0602010V0AABXBX,2024-09-01,771805.6207281073,753331.9813739692,790279.2600822453
0602010V0AABXBX,2024-10-01,775163.6932767987,752305.8528886825,798021.5336649149
0602010V0AABXBX,2024-11-01,786506.0967047333,762864.4221189838,810147.7712904828
0602010V0AABXBX,2024-12-01,791501.2206847705,766047.8236613327,816954.6177082083
0602010V0AABXBX,2025-01-01,784664.7148206651,759211.3177972273,810118.1118441029
0602010V0AABXBX,2025-02-01,721474.6529093536,696021.2558859158,746928.0499327914
0602010V0AABXBX,2025-03-01,793350.4925352654,767897.0955118276,818803.8895587032
0602010V0AABZBZ,2024-09-01,934112.417552829,908748.7753263748,959476.0597792832
0602010V0AABZBZ,2024-10-01,951502.8780282134,921913.7134059983,981092.0426504285
0602010V0AABZBZ,2024-11-01,956259.3608237611,926028.5545943108,986490.1670532114
0602010V0AABZBZ,2024-12-01,960251.4932258257,926695.4814952015,993807.50495645
0602010V0AABZBZ,2025-01-01,963748.1506088043,929906.7763751919,997589.5248424168
0602010V0AABZBZ,2025-02-01,893711.3743816356,859345.4040840646,928077.3446792065
0602010V0AABZBZ,2025-03-01,970741.7348045169,935595.2705120224,1005888.1990970114
0604011L0BHABAX,2024-09-01,47287.696543274455,43115.536977328404,51459.856109220505
0604011L0BHABAX,2024-10-01,47984.94723804257,43386.04629229694,52583.84818378821
0604011L0BHABAX,2024-11-01,48682.19793281069,43692.92299812879,53671.47286749259
0604011L0BHABAX,2024-12-01,49379.44862757881,44028.20215232559,54730.695102832025
0604011L0BHABAX,2025-01-01,50076.699322346925,44386.4608999278,55766.93774476605
0604011L0BHABAX,2025-02-01,50773.95001711504,44763.80960535761,56784.09042887248
0604011L0BHABAX,2025-03-01,51471.20071188317,45157.3459278305,57785.055495935834
0704010U0AAAAAA,2024-09-01,662473.5328354925,643276.3018082237,681670.7638627613
0704010U0AAAAAA,2024-10-01,666273.3419577014,644657.9142229593,687888.7696924434
0704010U0AAAAAA,2024-11-01,686049.7678813584,664220.1274072507,707879.4083554661
0704010U0AAAAAA,2024-12-01,686995.2670949998,664102.7235192654,709887.8106707342
0704010U0AAAAAA,2025-01-01,690744.331702549,667784.6897651815,713703.9736399165
0704010U0AAAAAA,2025-02-01,654619.846845785,631596.8774202128,677642.8162713572
0704010U0AAAAAA,2025-03-01,703645.0377365715,680505.8943072498,726784.1811658932
0704020AEAAABAB,2024-09-01,106230.40423439359,102469.39816245271,109991.41030633447
0704020AEAAABAB,2024-10-01,108498.04231512651,104650.48552555243,112345.5991047006
0704020AEAAABAB,2024-11-01,112528.60151852171,108531.43230479982,116525.7707322436
0704020AEAAABAB,2024-12-01,115295.52214203835,110596.26222542845,119994.78205864824
0704020AEAAABAB,2025-01-01,112961.24055605219,108102.35372087467,117820.1273912297
0704020AEAAABAB,2025-02-01,110184.60283727721,105113.62322243972,115255.5824521147
0704020AEAAABAB,2025-03-01,116778.75434068861,111344.8666980401,122212.64198333712
0803042W0BBAAAA,2024-09-01,750.0043796783325,681.6785341054906,818.3302252511744
0803042W0BBAAAA,2024-10-01,720.3481726276544,651.7033873157363,788.9929579395725
0803042W0BBAAAA,2024-11-01,744.3623468659443,669.8084716574382,818.9162220744505
0803042W0BBAAAA,2024-12-01,750.1099723551536,674.0650996965157,826.1548450137914
0803042W0BBAAAA,2025-01-01,755.8575978443628,678.350404586373,833.3647911023526
0803042W0BBAAAA,2025-02-01,761.605223333572,682.6627926907655,840.5476539763785
0803042W0BBAAAA,2025-03-01,767.3528488227812,687.0008127262563,847.7048849193061
0901020G0AAAGAG,2024-09-01,737728.4829713367,687217.0341834961,788239.9317591772
0901020G0AAAGAG,2024-10-01,735804.7487752213,683592.1164722058,788017.3810782367
0901020G0AAAGAG,2024-11-01,732730.6986747299,676511.4413547436,788949.9559947163
0901020G0AAAGAG,2024-12-01,730178.1005799936,671354.9641715344,789001.2369884527
0901020G0AAAGAG,2025-01-01,728058.5004367785,667505.1378273705,788611.8630461865
0901020G0AAAGAG,2025-02-01,726298.4486775999,664580.3178698982,788016.5794853016
0901020G0AAAGAG,2025-03-01,724836.9550063031,662328.3410520268,787345.5689605795
0906040G0DGAADI,2024-09-01,529038.4395289415,514485.2977080213,543591.5813498617
0906040G0DGAADI,2024-10-01,528657.2796563191,513408.7666915244,543905.7926211137
0906040G0DGAADI,2024-11-01,546226.5297065849,530214.561927251,562238.4974859187
0906040G0DGAADI,2024-12-01,545311.2948887929,527191.0043878704,563431.5853897154
0906040G0DGAADI,2025-01-01,548649.5352676683,528641.8681495553,568657.2023857813
0906040G0DGAADI,2025-02-01,519762.34884415066,498030.6080215515,541494.0896667498
0906040G0DGAADI,2025-03-01,559597.1825977304,536268.4369209474,582925.9282745135
0913011V0BCAAAC,2024-09-01,5469930.33729637,5051181.899993428,5888678.774599313
0913011V0BCAAAC,2024-10-01,5254736.576157429,4806607.884208113,5702865.268106746
0913011V0BCAAAC,2024-11-01,5564590.822429565,5013948.899226715,6115232.745632415
0913011V0BCAAAC,2024-12-01,5549499.492693686,4956268.965444195,6142730.019943177
0913011V0BCAAAC,2025-01-01,5735512.873149595,5078602.806999587,6392422.939299603
0913011V0BCAAAC,2025-02-01,5797065.090114158,5096258.3299096655,6497871.85031865
0913011V0BCAAAC,2025-03-01,5935644.74817071,5185463.553606867,6685825.9427345535
1404000H0AAAFAF,2024-09-01,10974.852671435438,5399.9442331064,16549.761109764477
1404000H0AAAFAF,2024-10-01,13525.998789642399,5115.43159031625,21936.56598896855
1404000H0AAAFAF,2024-11-01,16184.513231304521,6933.744864255439,25435.281598353606
1404000H0AAAFAF,2024-12-01,9816.699172120312,26.08588750918534,19607.312456731437
1404000H0AAAFAF,2025-01-01,2595.4772369531324,-8072.253933338237,13263.208407244503
1404000H0AAAFAF,2025-02-01,1839.0087652675666,-9803.640639023855,13481.658169558988
1404000H0AAAFAF,2025-03-01,1337.4732667165067,-11056.680948896696,13731.627482329708
1404000H0AAANAN,2024-09-01,37265.72956744979,25697.794018943478,48833.6651159561
1404000H0AAANAN,2024-10-01,29108.357416209205,12748.826074853734,45467.88875756467
1404000H0AAANAN,2024-11-01,20715.399485702357,679.1473770072771,40751.65159439744
1404000H0AAANAN,2024-12-01,15077.244741670955,-8058.626355341665,38213.115838683574
1404000H0AAANAN,2025-01-01,5925.103725733678,-19941.586520062745,31791.793971530104
1404000H0AAANAN,2025-02-01,3732.48624005696,-24603.05323118614,32068.025711300063
1404000H0AAANAN,2025-03-01,3222.0554976010353,-27383.825146170217,33827.93614137229
21480000101,2024-09-01,13869.336388244108,13115.688070919665,14622.984705568551
21480000101,2024-10-01,14034.594380668863,13273.66702343912,14795.521737898605
21480000101,2024-11-01,14355.167905558576,13554.928273572603,15155.407537544548
21480000101,2024-12-01,14611.937428707868,13805.117848512142,15418.757008903594
21480000101,2025-01-01,14894.917792289427,14071.924367994101,15717.911216584753
21480000101,2025-02-01,15167.130678323721,14332.663226100936,16001.598130546507
21480000101,2025-03-01,15443.766870548081,14596.28513312453,16291.248607971633
